tagID,tagURI
4LVXH,https://cs.kobj.net/blue/event/tag/scan/tag_router/9474?tag_domain=fuse&tag=4LVXH
33Y9,https://cs.kobj.net/blue/event/tag/scan/tag_router/8861?tag_domain=fuse&tag=33Y9
U9VVL,https://cs.kobj.net/blue/event/tag/scan/tag_router/200?tag_domain=fuse&tag=U9VVL
LQVV3,https://cs.kobj.net/blue/event/tag/scan/tag_router/103?tag_domain=fuse&tag=LQVV3
EUVVZ,https://cs.kobj.net/blue/event/tag/scan/tag_router/9694?tag_domain=fuse&tag=EUVVZ
T2VXL,https://cs.kobj.net/blue/event/tag/scan/tag_router/2158?tag_domain=fuse&tag=T2VXL
WGYQ,https://cs.kobj.net/blue/event/tag/scan/tag_router/6404?tag_domain=fuse&tag=WGYQ
XXVXX,https://cs.kobj.net/blue/event/tag/scan/tag_router/3131?tag_domain=fuse&tag=XXVXX
AAVXZ,https://cs.kobj.net/blue/event/tag/scan/tag_router/4376?tag_domain=fuse&tag=AAVXZ
HEYL,https://cs.kobj.net/blue/event/tag/scan/tag_router/1140?tag_domain=fuse&tag=HEYL
REYD,https://cs.kobj.net/blue/event/tag/scan/tag_router/8260?tag_domain=fuse&tag=REYD
HMVX7,https://cs.kobj.net/blue/event/tag/scan/tag_router/620?tag_domain=fuse&tag=HMVX7
QMY7,https://cs.kobj.net/blue/event/tag/scan/tag_router/3843?tag_domain=fuse&tag=QMY7
NQY4,https://cs.kobj.net/blue/event/tag/scan/tag_router/5220?tag_domain=fuse&tag=NQY4
H9YA,https://cs.kobj.net/blue/event/tag/scan/tag_router/2281?tag_domain=fuse&tag=H9YA
VDVVM,https://cs.kobj.net/blue/event/tag/scan/tag_router/6622?tag_domain=fuse&tag=VDVVM
3QVVQ,https://cs.kobj.net/blue/event/tag/scan/tag_router/5094?tag_domain=fuse&tag=3QVVQ
MXVVE,https://cs.kobj.net/blue/event/tag/scan/tag_router/1031?tag_domain=fuse&tag=MXVVE
KCVXC,https://cs.kobj.net/blue/event/tag/scan/tag_router/5863?tag_domain=fuse&tag=KCVXC
ZGVVU,https://cs.kobj.net/blue/event/tag/scan/tag_router/9794?tag_domain=fuse&tag=ZGVVU
PQYY,https://cs.kobj.net/blue/event/tag/scan/tag_router/9938?tag_domain=fuse&tag=PQYY
NQVXA,https://cs.kobj.net/blue/event/tag/scan/tag_router/9126?tag_domain=fuse&tag=NQVXA
ZZVXW,https://cs.kobj.net/blue/event/tag/scan/tag_router/7817?tag_domain=fuse&tag=ZZVXW
4NYK,https://cs.kobj.net/blue/event/tag/scan/tag_router/925?tag_domain=fuse&tag=4NYK
4NVVV,https://cs.kobj.net/blue/event/tag/scan/tag_router/5881?tag_domain=fuse&tag=4NVVV
NVVXP,https://cs.kobj.net/blue/event/tag/scan/tag_router/1756?tag_domain=fuse&tag=NVVXP
T6VXJ,https://cs.kobj.net/blue/event/tag/scan/tag_router/4887?tag_domain=fuse&tag=T6VXJ
4UVVD,https://cs.kobj.net/blue/event/tag/scan/tag_router/2243?tag_domain=fuse&tag=4UVVD
CGVVW,https://cs.kobj.net/blue/event/tag/scan/tag_router/8643?tag_domain=fuse&tag=CGVVW
XGYT,https://cs.kobj.net/blue/event/tag/scan/tag_router/3590?tag_domain=fuse&tag=XGYT
MAVXQ,https://cs.kobj.net/blue/event/tag/scan/tag_router/4279?tag_domain=fuse&tag=MAVXQ
9QVVT,https://cs.kobj.net/blue/event/tag/scan/tag_router/6894?tag_domain=fuse&tag=9QVVT
K9VVR,https://cs.kobj.net/blue/event/tag/scan/tag_router/7332?tag_domain=fuse&tag=K9VVR
DYYP,https://cs.kobj.net/blue/event/tag/scan/tag_router/5708?tag_domain=fuse&tag=DYYP
TLVV7,https://cs.kobj.net/blue/event/tag/scan/tag_router/1684?tag_domain=fuse&tag=TLVV7
DHYH,https://cs.kobj.net/blue/event/tag/scan/tag_router/4204?tag_domain=fuse&tag=DHYH
VCVVC,https://cs.kobj.net/blue/event/tag/scan/tag_router/8274?tag_domain=fuse&tag=VCVVC
J6VVG,https://cs.kobj.net/blue/event/tag/scan/tag_router/9021?tag_domain=fuse&tag=J6VVG
6ZVXV,https://cs.kobj.net/blue/event/tag/scan/tag_router/5760?tag_domain=fuse&tag=6ZVXV
JNYN,https://cs.kobj.net/blue/event/tag/scan/tag_router/23?tag_domain=fuse&tag=JNYN
RCYW,https://cs.kobj.net/blue/event/tag/scan/tag_router/1219?tag_domain=fuse&tag=RCYW
FNVXR,https://cs.kobj.net/blue/event/tag/scan/tag_router/1277?tag_domain=fuse&tag=FNVXR
QXYE,https://cs.kobj.net/blue/event/tag/scan/tag_router/9712?tag_domain=fuse&tag=QXYE
63VVA,https://cs.kobj.net/blue/event/tag/scan/tag_router/6495?tag_domain=fuse&tag=63VVA
7XVVX,https://cs.kobj.net/blue/event/tag/scan/tag_router/9669?tag_domain=fuse&tag=7XVVX
KHVXU,https://cs.kobj.net/blue/event/tag/scan/tag_router/6602?tag_domain=fuse&tag=KHVXU
FHVVP,https://cs.kobj.net/blue/event/tag/scan/tag_router/3842?tag_domain=fuse&tag=FHVVP
NEVXE,https://cs.kobj.net/blue/event/tag/scan/tag_router/1663?tag_domain=fuse&tag=NEVXE
3QVX3,https://cs.kobj.net/blue/event/tag/scan/tag_router/9267?tag_domain=fuse&tag=3QVX3
TGVX9,https://cs.kobj.net/blue/event/tag/scan/tag_router/7898?tag_domain=fuse&tag=TGVX9
MEVVJ,https://cs.kobj.net/blue/event/tag/scan/tag_router/8890?tag_domain=fuse&tag=MEVVJ
GNYJ,https://cs.kobj.net/blue/event/tag/scan/tag_router/3487?tag_domain=fuse&tag=GNYJ
6HVVF,https://cs.kobj.net/blue/event/tag/scan/tag_router/6060?tag_domain=fuse&tag=6HVVF
XXVV6,https://cs.kobj.net/blue/event/tag/scan/tag_router/7390?tag_domain=fuse&tag=XXVV6
J3VXY,https://cs.kobj.net/blue/event/tag/scan/tag_router/3656?tag_domain=fuse&tag=J3VXY
23VXF,https://cs.kobj.net/blue/event/tag/scan/tag_router/7611?tag_domain=fuse&tag=23VXF
V4VX4,https://cs.kobj.net/blue/event/tag/scan/tag_router/3870?tag_domain=fuse&tag=V4VX4
F9VV2,https://cs.kobj.net/blue/event/tag/scan/tag_router/8795?tag_domain=fuse&tag=F9VV2
WMVXK,https://cs.kobj.net/blue/event/tag/scan/tag_router/6467?tag_domain=fuse&tag=WMVXK
DQYG,https://cs.kobj.net/blue/event/tag/scan/tag_router/1207?tag_domain=fuse&tag=DQYG
TKVXM,https://cs.kobj.net/blue/event/tag/scan/tag_router/5370?tag_domain=fuse&tag=TKVXM
CDVVH,https://cs.kobj.net/blue/event/tag/scan/tag_router/4912?tag_domain=fuse&tag=CDVVH
6UVXT,https://cs.kobj.net/blue/event/tag/scan/tag_router/7203?tag_domain=fuse&tag=6UVXT
C2VXD,https://cs.kobj.net/blue/event/tag/scan/tag_router/8656?tag_domain=fuse&tag=C2VXD
MXVV9,https://cs.kobj.net/blue/event/tag/scan/tag_router/6172?tag_domain=fuse&tag=MXVV9
9QVX6,https://cs.kobj.net/blue/event/tag/scan/tag_router/2849?tag_domain=fuse&tag=9QVX6
DNVVN,https://cs.kobj.net/blue/event/tag/scan/tag_router/7401?tag_domain=fuse&tag=DNVVN
92VX2,https://cs.kobj.net/blue/event/tag/scan/tag_router/4027?tag_domain=fuse&tag=92VX2
23VV4,https://cs.kobj.net/blue/event/tag/scan/tag_router/35?tag_domain=fuse&tag=23VV4
AFVVY,https://cs.kobj.net/blue/event/tag/scan/tag_router/5588?tag_domain=fuse&tag=AFVVY
9XVUX,https://cs.kobj.net/blue/event/tag/scan/tag_router/7771?tag_domain=fuse&tag=9XVUX
WVYM,https://cs.kobj.net/blue/event/tag/scan/tag_router/7990?tag_domain=fuse&tag=WVYM
P9VXG,https://cs.kobj.net/blue/event/tag/scan/tag_router/3021?tag_domain=fuse&tag=P9VXG
RPVVK,https://cs.kobj.net/blue/event/tag/scan/tag_router/1533?tag_domain=fuse&tag=RPVVK
KCVXN,https://cs.kobj.net/blue/event/tag/scan/tag_router/5580?tag_domain=fuse&tag=KCVXN
MGVU4,https://cs.kobj.net/blue/event/tag/scan/tag_router/5968?tag_domain=fuse&tag=MGVU4
H6VUH,https://cs.kobj.net/blue/event/tag/scan/tag_router/4736?tag_domain=fuse&tag=H6VUH
DPV6V,https://cs.kobj.net/blue/event/tag/scan/tag_router/3500?tag_domain=fuse&tag=DPV6V
6EVZC,https://cs.kobj.net/blue/event/tag/scan/tag_router/7895?tag_domain=fuse&tag=6EVZC
QXVZU,https://cs.kobj.net/blue/event/tag/scan/tag_router/8546?tag_domain=fuse&tag=QXVZU
TQVZK,https://cs.kobj.net/blue/event/tag/scan/tag_router/7148?tag_domain=fuse&tag=TQVZK
L9V6Q,https://cs.kobj.net/blue/event/tag/scan/tag_router/8212?tag_domain=fuse&tag=L9V6Q
WKVUZ,https://cs.kobj.net/blue/event/tag/scan/tag_router/4199?tag_domain=fuse&tag=WKVUZ
FRV6Z,https://cs.kobj.net/blue/event/tag/scan/tag_router/9902?tag_domain=fuse&tag=FRV6Z
49V63,https://cs.kobj.net/blue/event/tag/scan/tag_router/5657?tag_domain=fuse&tag=49V63
PGV6U,https://cs.kobj.net/blue/event/tag/scan/tag_router/7512?tag_domain=fuse&tag=PGV6U
JAVU6,https://cs.kobj.net/blue/event/tag/scan/tag_router/2429?tag_domain=fuse&tag=JAVU6
XYV6R,https://cs.kobj.net/blue/event/tag/scan/tag_router/1225?tag_domain=fuse&tag=XYV6R
FLV6M,https://cs.kobj.net/blue/event/tag/scan/tag_router/4023?tag_domain=fuse&tag=FLV6M
3EVUC,https://cs.kobj.net/blue/event/tag/scan/tag_router/7129?tag_domain=fuse&tag=3EVUC
RQV6A,https://cs.kobj.net/blue/event/tag/scan/tag_router/6584?tag_domain=fuse&tag=RQV6A
WJVZY,https://cs.kobj.net/blue/event/tag/scan/tag_router/4806?tag_domain=fuse&tag=WJVZY
TUVUL,https://cs.kobj.net/blue/event/tag/scan/tag_router/9606?tag_domain=fuse&tag=TUVUL
G7VZW,https://cs.kobj.net/blue/event/tag/scan/tag_router/1874?tag_domain=fuse&tag=G7VZW
VEVZ2,https://cs.kobj.net/blue/event/tag/scan/tag_router/674?tag_domain=fuse&tag=VEVZ2
3MVZJ,https://cs.kobj.net/blue/event/tag/scan/tag_router/3503?tag_domain=fuse&tag=3MVZJ
TJVUJ,https://cs.kobj.net/blue/event/tag/scan/tag_router/700?tag_domain=fuse&tag=TJVUJ
7AVZA,https://cs.kobj.net/blue/event/tag/scan/tag_router/7646?tag_domain=fuse&tag=7AVZA
R6VUG,https://cs.kobj.net/blue/event/tag/scan/tag_router/3129?tag_domain=fuse&tag=R6VUG
LAVUY,https://cs.kobj.net/blue/event/tag/scan/tag_router/2974?tag_domain=fuse&tag=LAVUY
2JVZ7,https://cs.kobj.net/blue/event/tag/scan/tag_router/695?tag_domain=fuse&tag=2JVZ7
6EV6C,https://cs.kobj.net/blue/event/tag/scan/tag_router/6352?tag_domain=fuse&tag=6EV6C
UXVZH,https://cs.kobj.net/blue/event/tag/scan/tag_router/3675?tag_domain=fuse&tag=UXVZH
X3VZ4,https://cs.kobj.net/blue/event/tag/scan/tag_router/2788?tag_domain=fuse&tag=X3VZ4
XFVUP,https://cs.kobj.net/blue/event/tag/scan/tag_router/306?tag_domain=fuse&tag=XFVUP
PEV6E,https://cs.kobj.net/blue/event/tag/scan/tag_router/2953?tag_domain=fuse&tag=PEV6E
7PVUT,https://cs.kobj.net/blue/event/tag/scan/tag_router/4441?tag_domain=fuse&tag=7PVUT
6NVUN,https://cs.kobj.net/blue/event/tag/scan/tag_router/8969?tag_domain=fuse&tag=6NVUN
J30L,https://cs.kobj.net/blue/event/tag/scan/tag_router/3715?tag_domain=fuse&tag=J30L
J6VU7,https://cs.kobj.net/blue/event/tag/scan/tag_router/6509?tag_domain=fuse&tag=J6VU7
69VZ6,https://cs.kobj.net/blue/event/tag/scan/tag_router/9713?tag_domain=fuse&tag=69VZ6
RQVUA,https://cs.kobj.net/blue/event/tag/scan/tag_router/5973?tag_domain=fuse&tag=RQVUA
F6VZG,https://cs.kobj.net/blue/event/tag/scan/tag_router/6080?tag_domain=fuse&tag=F6VZG
TPVZP,https://cs.kobj.net/blue/event/tag/scan/tag_router/131?tag_domain=fuse&tag=TPVZP
G3VUK,https://cs.kobj.net/blue/event/tag/scan/tag_router/6592?tag_domain=fuse&tag=G3VUK
9UV6J,https://cs.kobj.net/blue/event/tag/scan/tag_router/5219?tag_domain=fuse&tag=9UV6J
2UVZZ,https://cs.kobj.net/blue/event/tag/scan/tag_router/3854?tag_domain=fuse&tag=2UVZZ
CXV66,https://cs.kobj.net/blue/event/tag/scan/tag_router/2374?tag_domain=fuse&tag=CXV66
JFVZV,https://cs.kobj.net/blue/event/tag/scan/tag_router/8923?tag_domain=fuse&tag=JFVZV
XXVU3,https://cs.kobj.net/blue/event/tag/scan/tag_router/9564?tag_domain=fuse&tag=XXVU3
NXVZE,https://cs.kobj.net/blue/event/tag/scan/tag_router/1120?tag_domain=fuse&tag=NXVZE
YDVUW,https://cs.kobj.net/blue/event/tag/scan/tag_router/7467?tag_domain=fuse&tag=YDVUW
J4VZT,https://cs.kobj.net/blue/event/tag/scan/tag_router/585?tag_domain=fuse&tag=J4VZT
KJVZF,https://cs.kobj.net/blue/event/tag/scan/tag_router/5439?tag_domain=fuse&tag=KJVZF
DWV6F,https://cs.kobj.net/blue/event/tag/scan/tag_router/1806?tag_domain=fuse&tag=DWV6F
RFVUF,https://cs.kobj.net/blue/event/tag/scan/tag_router/1819?tag_domain=fuse&tag=RFVUF
MXVZN,https://cs.kobj.net/blue/event/tag/scan/tag_router/8792?tag_domain=fuse&tag=MXVZN
9XV6X,https://cs.kobj.net/blue/event/tag/scan/tag_router/4445?tag_domain=fuse&tag=9XV6X
Q3VZ9,https://cs.kobj.net/blue/event/tag/scan/tag_router/1440?tag_domain=fuse&tag=Q3VZ9
F9VUU,https://cs.kobj.net/blue/event/tag/scan/tag_router/8810?tag_domain=fuse&tag=F9VUU
69VZ3,https://cs.kobj.net/blue/event/tag/scan/tag_router/8831?tag_domain=fuse&tag=69VZ3
WXVZD,https://cs.kobj.net/blue/event/tag/scan/tag_router/8348?tag_domain=fuse&tag=WXVZD
J4VUD,https://cs.kobj.net/blue/event/tag/scan/tag_router/7726?tag_domain=fuse&tag=J4VUD
NDVZR,https://cs.kobj.net/blue/event/tag/scan/tag_router/69?tag_domain=fuse&tag=NDVZR
67VUR,https://cs.kobj.net/blue/event/tag/scan/tag_router/1954?tag_domain=fuse&tag=67VUR
LLVU2,https://cs.kobj.net/blue/event/tag/scan/tag_router/1994?tag_domain=fuse&tag=LLVU2
HYV6W,https://cs.kobj.net/blue/event/tag/scan/tag_router/1101?tag_domain=fuse&tag=HYV6W
DAV62,https://cs.kobj.net/blue/event/tag/scan/tag_router/5480?tag_domain=fuse&tag=DAV62
WEV6K,https://cs.kobj.net/blue/event/tag/scan/tag_router/5389?tag_domain=fuse&tag=WEV6K
QXVU9,https://cs.kobj.net/blue/event/tag/scan/tag_router/5067?tag_domain=fuse&tag=QXVU9
9EV6H,https://cs.kobj.net/blue/event/tag/scan/tag_router/8711?tag_domain=fuse&tag=9EV6H
4XVZX,https://cs.kobj.net/blue/event/tag/scan/tag_router/4969?tag_domain=fuse&tag=4XVZX
P3VZL,https://cs.kobj.net/blue/event/tag/scan/tag_router/3594?tag_domain=fuse&tag=P3VZL
XFVUM,https://cs.kobj.net/blue/event/tag/scan/tag_router/8268?tag_domain=fuse&tag=XFVUM
PAVUQ,https://cs.kobj.net/blue/event/tag/scan/tag_router/901?tag_domain=fuse&tag=PAVUQ
6EVUE,https://cs.kobj.net/blue/event/tag/scan/tag_router/1292?tag_domain=fuse&tag=6EVUE
UXVZQ,https://cs.kobj.net/blue/event/tag/scan/tag_router/3708?tag_domain=fuse&tag=UXVZQ
VQVZM,https://cs.kobj.net/blue/event/tag/scan/tag_router/2076?tag_domain=fuse&tag=VQVZM
AWV3T,https://cs.kobj.net/blue/event/tag/scan/tag_router/2958?tag_domain=fuse&tag=AWV3T
JXV3E,https://cs.kobj.net/blue/event/tag/scan/tag_router/77?tag_domain=fuse&tag=JXV3E
KFV3F,https://cs.kobj.net/blue/event/tag/scan/tag_router/7097?tag_domain=fuse&tag=KFV3F
LAVRW,https://cs.kobj.net/blue/event/tag/scan/tag_router/6964?tag_domain=fuse&tag=LAVRW
TXVC9,https://cs.kobj.net/blue/event/tag/scan/tag_router/205?tag_domain=fuse&tag=TXVC9
RQV3H,https://cs.kobj.net/blue/event/tag/scan/tag_router/4924?tag_domain=fuse&tag=RQV3H
VZV3J,https://cs.kobj.net/blue/event/tag/scan/tag_router/7004?tag_domain=fuse&tag=VZV3J
M2VCH,https://cs.kobj.net/blue/event/tag/scan/tag_router/1612?tag_domain=fuse&tag=M2VCH
XGVCL,https://cs.kobj.net/blue/event/tag/scan/tag_router/3140?tag_domain=fuse&tag=XGVCL
43VR6,https://cs.kobj.net/blue/event/tag/scan/tag_router/2395?tag_domain=fuse&tag=43VR6
MUVRF,https://cs.kobj.net/blue/event/tag/scan/tag_router/3746?tag_domain=fuse&tag=MUVRF
YHVRJ,https://cs.kobj.net/blue/event/tag/scan/tag_router/32?tag_domain=fuse&tag=YHVRJ
GNVCN,https://cs.kobj.net/blue/event/tag/scan/tag_router/6284?tag_domain=fuse&tag=GNVCN
3DVCW,https://cs.kobj.net/blue/event/tag/scan/tag_router/7780?tag_domain=fuse&tag=3DVCW
RXVCE,https://cs.kobj.net/blue/event/tag/scan/tag_router/9119?tag_domain=fuse&tag=RXVCE
9CVC7,https://cs.kobj.net/blue/event/tag/scan/tag_router/2089?tag_domain=fuse&tag=9CVC7
9DV32,https://cs.kobj.net/blue/event/tag/scan/tag_router/1342?tag_domain=fuse&tag=9DV32
FAVRQ,https://cs.kobj.net/blue/event/tag/scan/tag_router/6838?tag_domain=fuse&tag=FAVRQ
3QV3Q,https://cs.kobj.net/blue/event/tag/scan/tag_router/7954?tag_domain=fuse&tag=3QV3Q
GWV3V,https://cs.kobj.net/blue/event/tag/scan/tag_router/5140?tag_domain=fuse&tag=GWV3V
ZLVRM,https://cs.kobj.net/blue/event/tag/scan/tag_router/5578?tag_domain=fuse&tag=ZLVRM
TQV3G,https://cs.kobj.net/blue/event/tag/scan/tag_router/3436?tag_domain=fuse&tag=TQV3G
PYV3P,https://cs.kobj.net/blue/event/tag/scan/tag_router/8469?tag_domain=fuse&tag=PYV3P
VNV3N,https://cs.kobj.net/blue/event/tag/scan/tag_router/3572?tag_domain=fuse&tag=VNV3N
FAV34,https://cs.kobj.net/blue/event/tag/scan/tag_router/9183?tag_domain=fuse&tag=FAV34
2EVRT,https://cs.kobj.net/blue/event/tag/scan/tag_router/7217?tag_domain=fuse&tag=2EVRT
YXVRE,https://cs.kobj.net/blue/event/tag/scan/tag_router/3755?tag_domain=fuse&tag=YXVRE
Z7V37,https://cs.kobj.net/blue/event/tag/scan/tag_router/316?tag_domain=fuse&tag=Z7V37
TGVRA,https://cs.kobj.net/blue/event/tag/scan/tag_router/6145?tag_domain=fuse&tag=TGVRA
96VC4,https://cs.kobj.net/blue/event/tag/scan/tag_router/8170?tag_domain=fuse&tag=96VC4
DPV3Z,https://cs.kobj.net/blue/event/tag/scan/tag_router/7971?tag_domain=fuse&tag=DPV3Z
XQVCA,https://cs.kobj.net/blue/event/tag/scan/tag_router/6527?tag_domain=fuse&tag=XQVCA
LUVCD,https://cs.kobj.net/blue/event/tag/scan/tag_router/5440?tag_domain=fuse&tag=LUVCD
ZHVRL,https://cs.kobj.net/blue/event/tag/scan/tag_router/7682?tag_domain=fuse&tag=ZHVRL
VGVRG,https://cs.kobj.net/blue/event/tag/scan/tag_router/2397?tag_domain=fuse&tag=VGVRG
CMVCK,https://cs.kobj.net/blue/event/tag/scan/tag_router/3976?tag_domain=fuse&tag=CMVCK
63VCG,https://cs.kobj.net/blue/event/tag/scan/tag_router/6169?tag_domain=fuse&tag=63VCG
FEV3D,https://cs.kobj.net/blue/event/tag/scan/tag_router/6923?tag_domain=fuse&tag=FEV3D
H2V3L,https://cs.kobj.net/blue/event/tag/scan/tag_router/8491?tag_domain=fuse&tag=H2V3L
VJVCY,https://cs.kobj.net/blue/event/tag/scan/tag_router/5957?tag_domain=fuse&tag=VJVCY
XXV3X,https://cs.kobj.net/blue/event/tag/scan/tag_router/309?tag_domain=fuse&tag=XXV3X
XDVCR,https://cs.kobj.net/blue/event/tag/scan/tag_router/3719?tag_domain=fuse&tag=XDVCR
QXV33,https://cs.kobj.net/blue/event/tag/scan/tag_router/3459?tag_domain=fuse&tag=QXV33
4UVR2,https://cs.kobj.net/blue/event/tag/scan/tag_router/4922?tag_domain=fuse&tag=4UVR2
7MVCM,https://cs.kobj.net/blue/event/tag/scan/tag_router/9175?tag_domain=fuse&tag=7MVCM
A7VCP,https://cs.kobj.net/blue/event/tag/scan/tag_router/9810?tag_domain=fuse&tag=A7VCP
UGV3A,https://cs.kobj.net/blue/event/tag/scan/tag_router/2440?tag_domain=fuse&tag=UGV3A
GFV3W,https://cs.kobj.net/blue/event/tag/scan/tag_router/3745?tag_domain=fuse&tag=GFV3W
DQV39,https://cs.kobj.net/blue/event/tag/scan/tag_router/7977?tag_domain=fuse&tag=DQV39
3XVRX,https://cs.kobj.net/blue/event/tag/scan/tag_router/5730?tag_domain=fuse&tag=3XVRX
MQVCQ,https://cs.kobj.net/blue/event/tag/scan/tag_router/7306?tag_domain=fuse&tag=MQVCQ
HCV3R,https://cs.kobj.net/blue/event/tag/scan/tag_router/7131?tag_domain=fuse&tag=HCV3R
9RV3Y,https://cs.kobj.net/blue/event/tag/scan/tag_router/3653?tag_domain=fuse&tag=9RV3Y
36VRD,https://cs.kobj.net/blue/event/tag/scan/tag_router/211?tag_domain=fuse&tag=36VRD
LNVRC,https://cs.kobj.net/blue/event/tag/scan/tag_router/8399?tag_domain=fuse&tag=LNVRC
YJVRZ,https://cs.kobj.net/blue/event/tag/scan/tag_router/2557?tag_domain=fuse&tag=YJVRZ
AHVRH,https://cs.kobj.net/blue/event/tag/scan/tag_router/2589?tag_domain=fuse&tag=AHVRH
W7V3K,https://cs.kobj.net/blue/event/tag/scan/tag_router/9013?tag_domain=fuse&tag=W7V3K
AXVCJ,https://cs.kobj.net/blue/event/tag/scan/tag_router/3034?tag_domain=fuse&tag=AXVCJ
ZLVRK,https://cs.kobj.net/blue/event/tag/scan/tag_router/8923?tag_domain=fuse&tag=ZLVRK
H6V36,https://cs.kobj.net/blue/event/tag/scan/tag_router/1930?tag_domain=fuse&tag=H6V36
A6VC3,https://cs.kobj.net/blue/event/tag/scan/tag_router/7542?tag_domain=fuse&tag=A6VC3
XU0VR7,https://cs.kobj.net/blue/event/tag/scan/tag_router/8315?tag_domain=fuse&tag=XU0VR7
XJVCT,https://cs.kobj.net/blue/event/tag/scan/tag_router/3384?tag_domain=fuse&tag=XJVCT
X9VR3,https://cs.kobj.net/blue/event/tag/scan/tag_router/4994?tag_domain=fuse&tag=X9VR3
AXVRN,https://cs.kobj.net/blue/event/tag/scan/tag_router/5184?tag_domain=fuse&tag=AXVRN
VKV3M,https://cs.kobj.net/blue/event/tag/scan/tag_router/9867?tag_domain=fuse&tag=VKV3M
29VRU,https://cs.kobj.net/blue/event/tag/scan/tag_router/2418?tag_domain=fuse&tag=29VRU
3CV3C,https://cs.kobj.net/blue/event/tag/scan/tag_router/4355?tag_domain=fuse&tag=3CV3C
YHVRR,https://cs.kobj.net/blue/event/tag/scan/tag_router/5398?tag_domain=fuse&tag=YHVRR
UNVCC,https://cs.kobj.net/blue/event/tag/scan/tag_router/3139?tag_domain=fuse&tag=UNVCC
J7VRV,https://cs.kobj.net/blue/event/tag/scan/tag_router/9888?tag_domain=fuse&tag=J7VRV
FAV3U,https://cs.kobj.net/blue/event/tag/scan/tag_router/4805?tag_domain=fuse&tag=FAV3U
EXVM6,https://cs.kobj.net/blue/event/tag/scan/tag_router/3162?tag_domain=fuse&tag=EXVM6
9LVHJ,https://cs.kobj.net/blue/event/tag/scan/tag_router/5458?tag_domain=fuse&tag=9LVHJ
ECVM7,https://cs.kobj.net/blue/event/tag/scan/tag_router/3236?tag_domain=fuse&tag=ECVM7
J4VMU,https://cs.kobj.net/blue/event/tag/scan/tag_router/889?tag_domain=fuse&tag=J4VMU
QZVHW,https://cs.kobj.net/blue/event/tag/scan/tag_router/3464?tag_domain=fuse&tag=QZVHW
6CVHC,https://cs.kobj.net/blue/event/tag/scan/tag_router/6635?tag_domain=fuse&tag=6CVHC
DXVMX,https://cs.kobj.net/blue/event/tag/scan/tag_router/1192?tag_domain=fuse&tag=DXVMX
23VMA,https://cs.kobj.net/blue/event/tag/scan/tag_router/896?tag_domain=fuse&tag=23VMA
PEVA2,https://cs.kobj.net/blue/event/tag/scan/tag_router/7023?tag_domain=fuse&tag=PEVA2
3RVMZ,https://cs.kobj.net/blue/event/tag/scan/tag_router/7065?tag_domain=fuse&tag=3RVMZ
QEVHD,https://cs.kobj.net/blue/event/tag/scan/tag_router/3821?tag_domain=fuse&tag=QEVHD
72VAU,https://cs.kobj.net/blue/event/tag/scan/tag_router/7742?tag_domain=fuse&tag=72VAU
V6VH3,https://cs.kobj.net/blue/event/tag/scan/tag_router/3635?tag_domain=fuse&tag=V6VH3
MHVM2,https://cs.kobj.net/blue/event/tag/scan/tag_router/8327?tag_domain=fuse&tag=MHVM2
GJVHP,https://cs.kobj.net/blue/event/tag/scan/tag_router/5920?tag_domain=fuse&tag=GJVHP
A9VM3,https://cs.kobj.net/blue/event/tag/scan/tag_router/4315?tag_domain=fuse&tag=A9VM3
HLVAF,https://cs.kobj.net/blue/event/tag/scan/tag_router/3228?tag_domain=fuse&tag=HLVAF
27VMW,https://cs.kobj.net/blue/event/tag/scan/tag_router/1081?tag_domain=fuse&tag=27VMW
KVVAZ,https://cs.kobj.net/blue/event/tag/scan/tag_router/888?tag_domain=fuse&tag=KVVAZ
JEVME,https://cs.kobj.net/blue/event/tag/scan/tag_router/3919?tag_domain=fuse&tag=JEVME
NXVHE,https://cs.kobj.net/blue/event/tag/scan/tag_router/5014?tag_domain=fuse&tag=NXVHE
YNVHN,https://cs.kobj.net/blue/event/tag/scan/tag_router/8301?tag_domain=fuse&tag=YNVHN
RDVAH,https://cs.kobj.net/blue/event/tag/scan/tag_router/2098?tag_domain=fuse&tag=RDVAH
VGVH9,https://cs.kobj.net/blue/event/tag/scan/tag_router/5224?tag_domain=fuse&tag=VGVH9
VUVHT,https://cs.kobj.net/blue/event/tag/scan/tag_router/8628?tag_domain=fuse&tag=VUVHT
7QVA6,https://cs.kobj.net/blue/event/tag/scan/tag_router/9574?tag_domain=fuse&tag=7QVA6
FLVH2,https://cs.kobj.net/blue/event/tag/scan/tag_router/2902?tag_domain=fuse&tag=FLVH2
Q6VH6,https://cs.kobj.net/blue/event/tag/scan/tag_router/751?tag_domain=fuse&tag=Q6VH6
TEVH7,https://cs.kobj.net/blue/event/tag/scan/tag_router/2338?tag_domain=fuse&tag=TEVH7
L9VA3,https://cs.kobj.net/blue/event/tag/scan/tag_router/1445?tag_domain=fuse&tag=L9VA3
RUVMP,https://cs.kobj.net/blue/event/tag/scan/tag_router/5148?tag_domain=fuse&tag=RUVMP
7AVHQ,https://cs.kobj.net/blue/event/tag/scan/tag_router/3831?tag_domain=fuse&tag=7AVHQ
MLVML,https://cs.kobj.net/blue/event/tag/scan/tag_router/5794?tag_domain=fuse&tag=MLVML
JNVMM,https://cs.kobj.net/blue/event/tag/scan/tag_router/3441?tag_domain=fuse&tag=JNVMM
9YVHK,https://cs.kobj.net/blue/event/tag/scan/tag_router/1515?tag_domain=fuse&tag=9YVHK
4XVH4,https://cs.kobj.net/blue/event/tag/scan/tag_router/6513?tag_domain=fuse&tag=4XVH4
Q4VHH,https://cs.kobj.net/blue/event/tag/scan/tag_router/9168?tag_domain=fuse&tag=Q4VHH
NXVAC,https://cs.kobj.net/blue/event/tag/scan/tag_router/3773?tag_domain=fuse&tag=NXVAC
DZVMT,https://cs.kobj.net/blue/event/tag/scan/tag_router/4140?tag_domain=fuse&tag=DZVMT
9UVHV,https://cs.kobj.net/blue/event/tag/scan/tag_router/5055?tag_domain=fuse&tag=9UVHV
VEVHU,https://cs.kobj.net/blue/event/tag/scan/tag_router/933?tag_domain=fuse&tag=VEVHU
MA0M,https://cs.kobj.net/blue/event/tag/scan/tag_router/6193?tag_domain=fuse&tag=MA0M
2NVMN,https://cs.kobj.net/blue/event/tag/scan/tag_router/136?tag_domain=fuse&tag=2NVMN
Z7VMF,https://cs.kobj.net/blue/event/tag/scan/tag_router/9671?tag_domain=fuse&tag=Z7VMF
QXVHX,https://cs.kobj.net/blue/event/tag/scan/tag_router/6487?tag_domain=fuse&tag=QXVHX
PUVHF,https://cs.kobj.net/blue/event/tag/scan/tag_router/3398?tag_domain=fuse&tag=PUVHF
M6VMQ,https://cs.kobj.net/blue/event/tag/scan/tag_router/2385?tag_domain=fuse&tag=M6VMQ
4WVMJ,https://cs.kobj.net/blue/event/tag/scan/tag_router/3113?tag_domain=fuse&tag=4WVMJ
W3VR9,https://cs.kobj.net/blue/event/tag/scan/tag_router/7213?tag_domain=fuse&tag=W3VR9
FQVM9,https://cs.kobj.net/blue/event/tag/scan/tag_router/2864?tag_domain=fuse&tag=FQVM9
TTVMV,https://cs.kobj.net/blue/event/tag/scan/tag_router/4185?tag_domain=fuse&tag=TTVMV
PQVHG,https://cs.kobj.net/blue/event/tag/scan/tag_router/9095?tag_domain=fuse&tag=PQVHG
QMVMR,https://cs.kobj.net/blue/event/tag/scan/tag_router/8153?tag_domain=fuse&tag=QMVMR
TYVHR,https://cs.kobj.net/blue/event/tag/scan/tag_router/6325?tag_domain=fuse&tag=TYVHR
NTVMY,https://cs.kobj.net/blue/event/tag/scan/tag_router/9873?tag_domain=fuse&tag=NTVMY
H9VAV,https://cs.kobj.net/blue/event/tag/scan/tag_router/8900?tag_domain=fuse&tag=H9VAV
AGVMK,https://cs.kobj.net/blue/event/tag/scan/tag_router/4981?tag_domain=fuse&tag=AGVMK
LAVHM,https://cs.kobj.net/blue/event/tag/scan/tag_router/2998?tag_domain=fuse&tag=LAVHM
VPVHZ,https://cs.kobj.net/blue/event/tag/scan/tag_router/4495?tag_domain=fuse&tag=VPVHZ
CLVR4,https://cs.kobj.net/blue/event/tag/scan/tag_router/3225?tag_domain=fuse&tag=CLVR4
YCVHY,https://cs.kobj.net/blue/event/tag/scan/tag_router/6964?tag_domain=fuse&tag=YCVHY
JXVMC,https://cs.kobj.net/blue/event/tag/scan/tag_router/7566?tag_domain=fuse&tag=JXVMC
W3VHA,https://cs.kobj.net/blue/event/tag/scan/tag_router/3409?tag_domain=fuse&tag=W3VHA
N9VMD,https://cs.kobj.net/blue/event/tag/scan/tag_router/3142?tag_domain=fuse&tag=N9VMD
JUVMH,https://cs.kobj.net/blue/event/tag/scan/tag_router/7480?tag_domain=fuse&tag=JUVMH
JAVHL,https://cs.kobj.net/blue/event/tag/scan/tag_router/2073?tag_domain=fuse&tag=JAVHL
RLVRP,https://cs.kobj.net/blue/event/tag/scan/tag_router/2001?tag_domain=fuse&tag=RLVRP
QLVM4,https://cs.kobj.net/blue/event/tag/scan/tag_router/7063?tag_domain=fuse&tag=QLVM4
MCVRY,https://cs.kobj.net/blue/event/tag/scan/tag_router/1509?tag_domain=fuse&tag=MCVRY
QXVAX,https://cs.kobj.net/blue/event/tag/scan/tag_router/6427?tag_domain=fuse&tag=QXVAX
P6VMG,https://cs.kobj.net/blue/event/tag/scan/tag_router/9970?tag_domain=fuse&tag=P6VMG
JXVAR,https://cs.kobj.net/blue/event/tag/scan/tag_router/7653?tag_domain=fuse&tag=JXVAR
LRVEP,https://cs.kobj.net/blue/event/tag/scan/tag_router/4486?tag_domain=fuse&tag=LRVEP
9FVEJ,https://cs.kobj.net/blue/event/tag/scan/tag_router/7982?tag_domain=fuse&tag=9FVEJ
EHVWZ,https://cs.kobj.net/blue/event/tag/scan/tag_router/10?tag_domain=fuse&tag=EHVWZ
UAVEV,https://cs.kobj.net/blue/event/tag/scan/tag_router/6942?tag_domain=fuse&tag=UAVEV
NHVWV,https://cs.kobj.net/blue/event/tag/scan/tag_router/24?tag_domain=fuse&tag=NHVWV
X9VE4,https://cs.kobj.net/blue/event/tag/scan/tag_router/6850?tag_domain=fuse&tag=X9VE4
RAVEA,https://cs.kobj.net/blue/event/tag/scan/tag_router/645?tag_domain=fuse&tag=RAVEA
9HVWD,https://cs.kobj.net/blue/event/tag/scan/tag_router/3800?tag_domain=fuse&tag=9HVWD
LXVWR,https://cs.kobj.net/blue/event/tag/scan/tag_router/294?tag_domain=fuse&tag=LXVWR
CNVAK,https://cs.kobj.net/blue/event/tag/scan/tag_router/4767?tag_domain=fuse&tag=CNVAK
3XVWE,https://cs.kobj.net/blue/event/tag/scan/tag_router/1731?tag_domain=fuse&tag=3XVWE
AQVA9,https://cs.kobj.net/blue/event/tag/scan/tag_router/9907?tag_domain=fuse&tag=AQVA9
3Y0VEY,https://cs.kobj.net/blue/event/tag/scan/tag_router/4565?tag_domain=fuse&tag=3Y0VEY
MXVE2,https://cs.kobj.net/blue/event/tag/scan/tag_router/5377?tag_domain=fuse&tag=MXVE2
AXVAA,https://cs.kobj.net/blue/event/tag/scan/tag_router/3999?tag_domain=fuse&tag=AXVAA
2PVAP,https://cs.kobj.net/blue/event/tag/scan/tag_router/7720?tag_domain=fuse&tag=2PVAP
ALVEZ,https://cs.kobj.net/blue/event/tag/scan/tag_router/4572?tag_domain=fuse&tag=ALVEZ
ACVAN,https://cs.kobj.net/blue/event/tag/scan/tag_router/4231?tag_domain=fuse&tag=ACVAN
WUVED,https://cs.kobj.net/blue/event/tag/scan/tag_router/7346?tag_domain=fuse&tag=WUVED
YGVEQ,https://cs.kobj.net/blue/event/tag/scan/tag_router/2660?tag_domain=fuse&tag=YGVEQ
Y6VWQ,https://cs.kobj.net/blue/event/tag/scan/tag_router/7923?tag_domain=fuse&tag=Y6VWQ
QMVE7,https://cs.kobj.net/blue/event/tag/scan/tag_router/5658?tag_domain=fuse&tag=QMVE7
2XVEE,https://cs.kobj.net/blue/event/tag/scan/tag_router/2282?tag_domain=fuse&tag=2XVEE
T9VW4,https://cs.kobj.net/blue/event/tag/scan/tag_router/5050?tag_domain=fuse&tag=T9VW4
JXVWC,https://cs.kobj.net/blue/event/tag/scan/tag_router/4865?tag_domain=fuse&tag=JXVWC
MAVW6,https://cs.kobj.net/blue/event/tag/scan/tag_router/6255?tag_domain=fuse&tag=MAVW6
D9VWY,https://cs.kobj.net/blue/event/tag/scan/tag_router/1946?tag_domain=fuse&tag=D9VWY
UXVWK,https://cs.kobj.net/blue/event/tag/scan/tag_router/9189?tag_domain=fuse&tag=UXVWK
HEVAE,https://cs.kobj.net/blue/event/tag/scan/tag_router/3772?tag_domain=fuse&tag=HEVAE
7AVWG,https://cs.kobj.net/blue/event/tag/scan/tag_router/4100?tag_domain=fuse&tag=7AVWG
JLVER,https://cs.kobj.net/blue/event/tag/scan/tag_router/6676?tag_domain=fuse&tag=JLVER
7GVEG,https://cs.kobj.net/blue/event/tag/scan/tag_router/7959?tag_domain=fuse&tag=7GVEG
TJVA7,https://cs.kobj.net/blue/event/tag/scan/tag_router/5428?tag_domain=fuse&tag=TJVA7
3FVEM,https://cs.kobj.net/blue/event/tag/scan/tag_router/4490?tag_domain=fuse&tag=3FVEM
T3VAG,https://cs.kobj.net/blue/event/tag/scan/tag_router/3899?tag_domain=fuse&tag=T3VAG
RXVA4,https://cs.kobj.net/blue/event/tag/scan/tag_router/2955?tag_domain=fuse&tag=RXVA4
EXVEX,https://cs.kobj.net/blue/event/tag/scan/tag_router/6292?tag_domain=fuse&tag=EXVEX
KGVAT,https://cs.kobj.net/blue/event/tag/scan/tag_router/2825?tag_domain=fuse&tag=KGVAT
DLVEH,https://cs.kobj.net/blue/event/tag/scan/tag_router/9712?tag_domain=fuse&tag=DLVEH
3EVWF,https://cs.kobj.net/blue/event/tag/scan/tag_router/6275?tag_domain=fuse&tag=3EVWF
J6VE9,https://cs.kobj.net/blue/event/tag/scan/tag_router/471?tag_domain=fuse&tag=J6VE9
LQVW9,https://cs.kobj.net/blue/event/tag/scan/tag_router/7292?tag_domain=fuse&tag=LQVW9
4QVW7,https://cs.kobj.net/blue/event/tag/scan/tag_router/9720?tag_domain=fuse&tag=4QVW7
GGVAD,https://cs.kobj.net/blue/event/tag/scan/tag_router/5087?tag_domain=fuse&tag=GGVAD
A2VEL,https://cs.kobj.net/blue/event/tag/scan/tag_router/7013?tag_domain=fuse&tag=A2VEL
YRVWP,https://cs.kobj.net/blue/event/tag/scan/tag_router/5958?tag_domain=fuse&tag=YRVWP
4YVEK,https://cs.kobj.net/blue/event/tag/scan/tag_router/678?tag_domain=fuse&tag=4YVEK
RLVET,https://cs.kobj.net/blue/event/tag/scan/tag_router/9196?tag_domain=fuse&tag=RLVET
29VE3,https://cs.kobj.net/blue/event/tag/scan/tag_router/3447?tag_domain=fuse&tag=29VE3
ZJVWJ,https://cs.kobj.net/blue/event/tag/scan/tag_router/5060?tag_domain=fuse&tag=ZJVWJ
M2VAL,https://cs.kobj.net/blue/event/tag/scan/tag_router/525?tag_domain=fuse&tag=M2VAL
2EVWU,https://cs.kobj.net/blue/event/tag/scan/tag_router/3703?tag_domain=fuse&tag=2EVWU
A4VW2,https://cs.kobj.net/blue/event/tag/scan/tag_router/9313?tag_domain=fuse&tag=A4VW2
9UVWL,https://cs.kobj.net/blue/event/tag/scan/tag_router/238?tag_domain=fuse&tag=9UVWL
79VE6,https://cs.kobj.net/blue/event/tag/scan/tag_router/9955?tag_domain=fuse&tag=79VE6
Z3VEW,https://cs.kobj.net/blue/event/tag/scan/tag_router/4551?tag_domain=fuse&tag=Z3VEW
TGVW3,https://cs.kobj.net/blue/event/tag/scan/tag_router/4892?tag_domain=fuse&tag=TGVW3
26VAJ,https://cs.kobj.net/blue/event/tag/scan/tag_router/1894?tag_domain=fuse&tag=26VAJ
9XVWN,https://cs.kobj.net/blue/event/tag/scan/tag_router/3541?tag_domain=fuse&tag=9XVWN
ECVEC,https://cs.kobj.net/blue/event/tag/scan/tag_router/1098?tag_domain=fuse&tag=ECVEC
LLVEU,https://cs.kobj.net/blue/event/tag/scan/tag_router/124?tag_domain=fuse&tag=LLVEU
Y4VWH,https://cs.kobj.net/blue/event/tag/scan/tag_router/9602?tag_domain=fuse&tag=Y4VWH
H3VAW,https://cs.kobj.net/blue/event/tag/scan/tag_router/7135?tag_domain=fuse&tag=H3VAW
3HVAY,https://cs.kobj.net/blue/event/tag/scan/tag_router/5373?tag_domain=fuse&tag=3HVAY
ZTVWM,https://cs.kobj.net/blue/event/tag/scan/tag_router/4879?tag_domain=fuse&tag=ZTVWM
QXVEN,https://cs.kobj.net/blue/event/tag/scan/tag_router/5461?tag_domain=fuse&tag=QXVEN
U7VWT,https://cs.kobj.net/blue/event/tag/scan/tag_router/4030?tag_domain=fuse&tag=U7VWT
TXVWX,https://cs.kobj.net/blue/event/tag/scan/tag_router/3780?tag_domain=fuse&tag=TXVWX
XQVWA,https://cs.kobj.net/blue/event/tag/scan/tag_router/273?tag_domain=fuse&tag=XQVWA
LEVWW,https://cs.kobj.net/blue/event/tag/scan/tag_router/1965?tag_domain=fuse&tag=LEVWW
TAVAQ,https://cs.kobj.net/blue/event/tag/scan/tag_router/1536?tag_domain=fuse&tag=TAVAQ
VAVEF,https://cs.kobj.net/blue/event/tag/scan/tag_router/1978?tag_domain=fuse&tag=VAVEF
TQVJ3,https://cs.kobj.net/blue/event/tag/scan/tag_router/1788?tag_domain=fuse&tag=TQVJ3
L3VKA,https://cs.kobj.net/blue/event/tag/scan/tag_router/2053?tag_domain=fuse&tag=L3VKA
N6VKF,https://cs.kobj.net/blue/event/tag/scan/tag_router/3042?tag_domain=fuse&tag=N6VKF
GJVQF,https://cs.kobj.net/blue/event/tag/scan/tag_router/3627?tag_domain=fuse&tag=GJVQF
J3VQG,https://cs.kobj.net/blue/event/tag/scan/tag_router/4631?tag_domain=fuse&tag=J3VQG
6KVKK,https://cs.kobj.net/blue/event/tag/scan/tag_router/5005?tag_domain=fuse&tag=6KVKK
LXVKL,https://cs.kobj.net/blue/event/tag/scan/tag_router/331?tag_domain=fuse&tag=LXVKL
GXVKT,https://cs.kobj.net/blue/event/tag/scan/tag_router/3599?tag_domain=fuse&tag=GXVKT
P3VQ4,https://cs.kobj.net/blue/event/tag/scan/tag_router/4520?tag_domain=fuse&tag=P3VQ4
F4VKU,https://cs.kobj.net/blue/event/tag/scan/tag_router/4894?tag_domain=fuse&tag=F4VKU
P6VJ6,https://cs.kobj.net/blue/event/tag/scan/tag_router/3091?tag_domain=fuse&tag=P6VJ6
CHVQU,https://cs.kobj.net/blue/event/tag/scan/tag_router/2118?tag_domain=fuse&tag=CHVQU
6MVJR,https://cs.kobj.net/blue/event/tag/scan/tag_router/6778?tag_domain=fuse&tag=6MVJR
4XVKX,https://cs.kobj.net/blue/event/tag/scan/tag_router/5251?tag_domain=fuse&tag=4XVKX
DNVKP,https://cs.kobj.net/blue/event/tag/scan/tag_router/7904?tag_domain=fuse&tag=DNVKP
R6VQ2,https://cs.kobj.net/blue/event/tag/scan/tag_router/7360?tag_domain=fuse&tag=R6VQ2
AXVJX,https://cs.kobj.net/blue/event/tag/scan/tag_router/2008?tag_domain=fuse&tag=AXVJX
39VJA,https://cs.kobj.net/blue/event/tag/scan/tag_router/9706?tag_domain=fuse&tag=39VJA
MUVQD,https://cs.kobj.net/blue/event/tag/scan/tag_router/6922?tag_domain=fuse&tag=MUVQD
YUVKD,https://cs.kobj.net/blue/event/tag/scan/tag_router/290?tag_domain=fuse&tag=YUVKD
E3VQ7,https://cs.kobj.net/blue/event/tag/scan/tag_router/4440?tag_domain=fuse&tag=E3VQ7
KXVQE,https://cs.kobj.net/blue/event/tag/scan/tag_router/1325?tag_domain=fuse&tag=KXVQE
DDVJ2,https://cs.kobj.net/blue/event/tag/scan/tag_router/3003?tag_domain=fuse&tag=DDVJ2
9XVJW,https://cs.kobj.net/blue/event/tag/scan/tag_router/7917?tag_domain=fuse&tag=9XVJW
CXVKN,https://cs.kobj.net/blue/event/tag/scan/tag_router/1180?tag_domain=fuse&tag=CXVKN
WTVKW,https://cs.kobj.net/blue/event/tag/scan/tag_router/3984?tag_domain=fuse&tag=WTVKW
23VKG,https://cs.kobj.net/blue/event/tag/scan/tag_router/6515?tag_domain=fuse&tag=23VKG
4J0VJK,https://cs.kobj.net/blue/event/tag/scan/tag_router/8822?tag_domain=fuse&tag=4J0VJK
Z7VKR,https://cs.kobj.net/blue/event/tag/scan/tag_router/8474?tag_domain=fuse&tag=Z7VKR
WHVJF,https://cs.kobj.net/blue/event/tag/scan/tag_router/8555?tag_domain=fuse&tag=WHVJF
JEVJE,https://cs.kobj.net/blue/event/tag/scan/tag_router/7960?tag_domain=fuse&tag=JEVJE
NGVQ3,https://cs.kobj.net/blue/event/tag/scan/tag_router/3367?tag_domain=fuse&tag=NGVQ3
7QVQ6,https://cs.kobj.net/blue/event/tag/scan/tag_router/4142?tag_domain=fuse&tag=7QVQ6
3ZVKZ,https://cs.kobj.net/blue/event/tag/scan/tag_router/1264?tag_domain=fuse&tag=3ZVKZ
GHVK4,https://cs.kobj.net/blue/event/tag/scan/tag_router/2193?tag_domain=fuse&tag=GHVK4
P2VQL,https://cs.kobj.net/blue/event/tag/scan/tag_router/1481?tag_domain=fuse&tag=P2VQL
4EVKC,https://cs.kobj.net/blue/event/tag/scan/tag_router/9031?tag_domain=fuse&tag=4EVKC
ERVKJ,https://cs.kobj.net/blue/event/tag/scan/tag_router/688?tag_domain=fuse&tag=ERVKJ
3LVK2,https://cs.kobj.net/blue/event/tag/scan/tag_router/8717?tag_domain=fuse&tag=3LVK2
CYVQK,https://cs.kobj.net/blue/event/tag/scan/tag_router/5835?tag_domain=fuse&tag=CYVQK
WJVJV,https://cs.kobj.net/blue/event/tag/scan/tag_router/52?tag_domain=fuse&tag=WJVJV
AXVQX,https://cs.kobj.net/blue/event/tag/scan/tag_router/9502?tag_domain=fuse&tag=AXVQX
9AVQV,https://cs.kobj.net/blue/event/tag/scan/tag_router/241?tag_domain=fuse&tag=9AVQV
93VQA,https://cs.kobj.net/blue/event/tag/scan/tag_router/5779?tag_domain=fuse&tag=93VQA
H9VK6,https://cs.kobj.net/blue/event/tag/scan/tag_router/7807?tag_domain=fuse&tag=H9VK6
6XVQC,https://cs.kobj.net/blue/event/tag/scan/tag_router/820?tag_domain=fuse&tag=6XVQC
G9VJH,https://cs.kobj.net/blue/event/tag/scan/tag_router/5561?tag_domain=fuse&tag=G9VJH
2XVQ9,https://cs.kobj.net/blue/event/tag/scan/tag_router/1211?tag_domain=fuse&tag=2XVQ9
QEVQN,https://cs.kobj.net/blue/event/tag/scan/tag_router/6299?tag_domain=fuse&tag=QEVQN
FEVKE,https://cs.kobj.net/blue/event/tag/scan/tag_router/8814?tag_domain=fuse&tag=FEVKE
KQVKQ,https://cs.kobj.net/blue/event/tag/scan/tag_router/438?tag_domain=fuse&tag=KQVKQ
MEVQR,https://cs.kobj.net/blue/event/tag/scan/tag_router/6800?tag_domain=fuse&tag=MEVQR
XWVKV,https://cs.kobj.net/blue/event/tag/scan/tag_router/1335?tag_domain=fuse&tag=XWVKV
J6VQZ,https://cs.kobj.net/blue/event/tag/scan/tag_router/9236?tag_domain=fuse&tag=J6VQZ
KDVQP,https://cs.kobj.net/blue/event/tag/scan/tag_router/7614?tag_domain=fuse&tag=KDVQP
DWVJZ,https://cs.kobj.net/blue/event/tag/scan/tag_router/4125?tag_domain=fuse&tag=DWVJZ
C3VK3,https://cs.kobj.net/blue/event/tag/scan/tag_router/2388?tag_domain=fuse&tag=C3VK3
EJVJM,https://cs.kobj.net/blue/event/tag/scan/tag_router/9779?tag_domain=fuse&tag=EJVJM
A9VJU,https://cs.kobj.net/blue/event/tag/scan/tag_router/7484?tag_domain=fuse&tag=A9VJU
XEVQW,https://cs.kobj.net/blue/event/tag/scan/tag_router/2576?tag_domain=fuse&tag=XEVQW
KUVQY,https://cs.kobj.net/blue/event/tag/scan/tag_router/379?tag_domain=fuse&tag=KUVQY
GXVQT,https://cs.kobj.net/blue/event/tag/scan/tag_router/7249?tag_domain=fuse&tag=GXVQT
F4VQH,https://cs.kobj.net/blue/event/tag/scan/tag_router/1674?tag_domain=fuse&tag=F4VQH
ZZVKY,https://cs.kobj.net/blue/event/tag/scan/tag_router/2033?tag_domain=fuse&tag=ZZVKY
9XVJC,https://cs.kobj.net/blue/event/tag/scan/tag_router/3663?tag_domain=fuse&tag=9XVJC
UGVQJ,https://cs.kobj.net/blue/event/tag/scan/tag_router/3517?tag_domain=fuse&tag=UGVQJ
A4VKH,https://cs.kobj.net/blue/event/tag/scan/tag_router/4927?tag_domain=fuse&tag=A4VKH
M7VQM,https://cs.kobj.net/blue/event/tag/scan/tag_router/1007?tag_domain=fuse&tag=M7VQM
66VK9,https://cs.kobj.net/blue/event/tag/scan/tag_router/2635?tag_domain=fuse&tag=66VK9
ZAVQQ,https://cs.kobj.net/blue/event/tag/scan/tag_router/9888?tag_domain=fuse&tag=ZAVQQ
3CVKM,https://cs.kobj.net/blue/event/tag/scan/tag_router/2181?tag_domain=fuse&tag=3CVKM
T9VK7,https://cs.kobj.net/blue/event/tag/scan/tag_router/3077?tag_domain=fuse&tag=T9VK7
CXVJD,https://cs.kobj.net/blue/event/tag/scan/tag_router/2141?tag_domain=fuse&tag=CXVJD
XHVJT,https://cs.kobj.net/blue/event/tag/scan/tag_router/2275?tag_domain=fuse&tag=XHVJT
JTVTK,https://cs.kobj.net/blue/event/tag/scan/tag_router/2158?tag_domain=fuse&tag=JTVTK
66VLW,https://cs.kobj.net/blue/event/tag/scan/tag_router/6404?tag_domain=fuse&tag=66VLW
LQVJ4,https://cs.kobj.net/blue/event/tag/scan/tag_router/721?tag_domain=fuse&tag=LQVJ4
96VGU,https://cs.kobj.net/blue/event/tag/scan/tag_router/6060?tag_domain=fuse&tag=96VGU
AQVL3,https://cs.kobj.net/blue/event/tag/scan/tag_router/7990?tag_domain=fuse&tag=AQVL3
RUVJJ,https://cs.kobj.net/blue/event/tag/scan/tag_router/6403?tag_domain=fuse&tag=RUVJJ
QXVLX,https://cs.kobj.net/blue/event/tag/scan/tag_router/7716?tag_domain=fuse&tag=QXVLX
GDVL4,https://cs.kobj.net/blue/event/tag/scan/tag_router/5760?tag_domain=fuse&tag=GDVL4
AXVTE,https://cs.kobj.net/blue/event/tag/scan/tag_router/4887?tag_domain=fuse&tag=AXVTE
ZPVTM,https://cs.kobj.net/blue/event/tag/scan/tag_router/1663?tag_domain=fuse&tag=ZPVTM
NVVLJ,https://cs.kobj.net/blue/event/tag/scan/tag_router/1207?tag_domain=fuse&tag=NVVLJ
W4VL7,https://cs.kobj.net/blue/event/tag/scan/tag_router/5220?tag_domain=fuse&tag=W4VL7
NCVLT,https://cs.kobj.net/blue/event/tag/scan/tag_router/8260?tag_domain=fuse&tag=NCVLT
ZZVTZ,https://cs.kobj.net/blue/event/tag/scan/tag_router/4027?tag_domain=fuse&tag=ZZVTZ
E4VLD,https://cs.kobj.net/blue/event/tag/scan/tag_router/5708?tag_domain=fuse&tag=E4VLD
FAVTQ,https://cs.kobj.net/blue/event/tag/scan/tag_router/7203?tag_domain=fuse&tag=FAVTQ
AAVLG,https://cs.kobj.net/blue/event/tag/scan/tag_router/3843?tag_domain=fuse&tag=AAVLG
ACVLK,https://cs.kobj.net/blue/event/tag/scan/tag_router/1140?tag_domain=fuse&tag=ACVLK
X6VTY,https://cs.kobj.net/blue/event/tag/scan/tag_router/9794?tag_domain=fuse&tag=X6VTY
WXVLA,https://cs.kobj.net/blue/event/tag/scan/tag_router/925?tag_domain=fuse&tag=WXVLA
TGVT6,https://cs.kobj.net/blue/event/tag/scan/tag_router/5863?tag_domain=fuse&tag=TGVT6
CQVL6,https://cs.kobj.net/blue/event/tag/scan/tag_router/7034?tag_domain=fuse&tag=CQVL6
FCVTC,https://cs.kobj.net/blue/event/tag/scan/tag_router/9474?tag_domain=fuse&tag=FCVTC
DHVTF,https://cs.kobj.net/blue/event/tag/scan/tag_router/9267?tag_domain=fuse&tag=DHVTF
HNVJ7,https://cs.kobj.net/blue/event/tag/scan/tag_router/1018?tag_domain=fuse&tag=HNVJ7
34VTH,https://cs.kobj.net/blue/event/tag/scan/tag_router/7817?tag_domain=fuse&tag=34VTH
VEVT2,https://cs.kobj.net/blue/event/tag/scan/tag_router/1277?tag_domain=fuse&tag=VEVT2
PFVTR,https://cs.kobj.net/blue/event/tag/scan/tag_router/9126?tag_domain=fuse&tag=PFVTR
GXVJG,https://cs.kobj.net/blue/event/tag/scan/tag_router/8408?tag_domain=fuse&tag=GXVJG
U3VLQ,https://cs.kobj.net/blue/event/tag/scan/tag_router/3590?tag_domain=fuse&tag=U3VLQ
EHVJL,https://cs.kobj.net/blue/event/tag/scan/tag_router/7820?tag_domain=fuse&tag=EHVJL
VEVLZ,https://cs.kobj.net/blue/event/tag/scan/tag_router/7214?tag_domain=fuse&tag=VEVLZ
6FVTJ,https://cs.kobj.net/blue/event/tag/scan/tag_router/3021?tag_domain=fuse&tag=6FVTJ
GXVTX,https://cs.kobj.net/blue/event/tag/scan/tag_router/4376?tag_domain=fuse&tag=GXVTX
6XVGX,https://cs.kobj.net/blue/event/tag/scan/tag_router/9694?tag_domain=fuse&tag=6XVGX
3UVTD,https://cs.kobj.net/blue/event/tag/scan/tag_router/1756?tag_domain=fuse&tag=3UVTD
XMVLP,https://cs.kobj.net/blue/event/tag/scan/tag_router/3131?tag_domain=fuse&tag=XMVLP
ACVLF,https://cs.kobj.net/blue/event/tag/scan/tag_router/482?tag_domain=fuse&tag=ACVLF
76VJQ,https://cs.kobj.net/blue/event/tag/scan/tag_router/1736?tag_domain=fuse&tag=76VJQ
D3VL9,https://cs.kobj.net/blue/event/tag/scan/tag_router/9938?tag_domain=fuse&tag=D3VL9
9LVLR,https://cs.kobj.net/blue/event/tag/scan/tag_router/2281?tag_domain=fuse&tag=9LVLR
PAVTG,https://cs.kobj.net/blue/event/tag/scan/tag_router/620?tag_domain=fuse&tag=PAVTG
RGVTA,https://cs.kobj.net/blue/event/tag/scan/tag_router/6467?tag_domain=fuse&tag=RGVTA
NGVTU,https://cs.kobj.net/blue/event/tag/scan/tag_router/7611?tag_domain=fuse&tag=NGVTU
UKVJY,https://cs.kobj.net/blue/event/tag/scan/tag_router/8832?tag_domain=fuse&tag=UKVJY
KRVT7,https://cs.kobj.net/blue/event/tag/scan/tag_router/3870?tag_domain=fuse&tag=KRVT7
MEVLN,https://cs.kobj.net/blue/event/tag/scan/tag_router/8861?tag_domain=fuse&tag=MEVLN
JRVLY,https://cs.kobj.net/blue/event/tag/scan/tag_router/6602?tag_domain=fuse&tag=JRVLY
CNVLC,https://cs.kobj.net/blue/event/tag/scan/tag_router/4204?tag_domain=fuse&tag=CNVLC
QEVT4,https://cs.kobj.net/blue/event/tag/scan/tag_router/5881?tag_domain=fuse&tag=QEVT4
UGVLV,https://cs.kobj.net/blue/event/tag/scan/tag_router/4615?tag_domain=fuse&tag=UGVLV
KAVLM,https://cs.kobj.net/blue/event/tag/scan/tag_router/9712?tag_domain=fuse&tag=KAVLM
GRVTT,https://cs.kobj.net/blue/event/tag/scan/tag_router/8656?tag_domain=fuse&tag=GRVTT
XDVTW,https://cs.kobj.net/blue/event/tag/scan/tag_router/4279?tag_domain=fuse&tag=XDVTW
HEVLE,https://cs.kobj.net/blue/event/tag/scan/tag_router/3487?tag_domain=fuse&tag=HEVLE
RQVT3,https://cs.kobj.net/blue/event/tag/scan/tag_router/5370?tag_domain=fuse&tag=RQVT3
QKVTP,https://cs.kobj.net/blue/event/tag/scan/tag_router/9669?tag_domain=fuse&tag=QKVTP
P6VJ9,https://cs.kobj.net/blue/event/tag/scan/tag_router/1851?tag_domain=fuse&tag=P6VJ9
4EVLH,https://cs.kobj.net/blue/event/tag/scan/tag_router/1219?tag_domain=fuse&tag=4EVLH
PAVJP,https://cs.kobj.net/blue/event/tag/scan/tag_router/7564?tag_domain=fuse&tag=PAVJP
LXVJN,https://cs.kobj.net/blue/event/tag/scan/tag_router/8982?tag_domain=fuse&tag=LXVJN
46VTV,https://cs.kobj.net/blue/event/tag/scan/tag_router/2849?tag_domain=fuse&tag=46VTV
YAVLU,https://cs.kobj.net/blue/event/tag/scan/tag_router/9129?tag_domain=fuse&tag=YAVLU
P6VT9,https://cs.kobj.net/blue/event/tag/scan/tag_router/3656?tag_domain=fuse&tag=P6VT9
Z4VGZ,https://cs.kobj.net/blue/event/tag/scan/tag_router/8795?tag_domain=fuse&tag=Z4VGZ
2UVTL,https://cs.kobj.net/blue/event/tag/scan/tag_router/5580?tag_domain=fuse&tag=2UVTL
3HVLL,https://cs.kobj.net/blue/event/tag/scan/tag_router/23?tag_domain=fuse&tag=3HVLL
CGVL2,https://cs.kobj.net/blue/event/tag/scan/tag_router/7225?tag_domain=fuse&tag=CGVL2
RNVTN,https://cs.kobj.net/blue/event/tag/scan/tag_router/7898?tag_domain=fuse&tag=RNVTN
ZEVGV,https://cs.kobj.net/blue/event/tag/scan/tag_router/7390?tag_domain=fuse&tag=ZEVGV
AXVNA,https://cs.kobj.net/blue/event/tag/scan/tag_router/8546?tag_domain=fuse&tag=AXVNA
DCVDC,https://cs.kobj.net/blue/event/tag/scan/tag_router/131?tag_domain=fuse&tag=DCVDC
WKVGK,https://cs.kobj.net/blue/event/tag/scan/tag_router/1819?tag_domain=fuse&tag=WKVGK
TXVN4,https://cs.kobj.net/blue/event/tag/scan/tag_router/3708?tag_domain=fuse&tag=TXVN4
63VGG,https://cs.kobj.net/blue/event/tag/scan/tag_router/4736?tag_domain=fuse&tag=63VGG
D3VDA,https://cs.kobj.net/blue/event/tag/scan/tag_router/7512?tag_domain=fuse&tag=D3VDA
6FVGT,https://cs.kobj.net/blue/event/tag/scan/tag_router/1954?tag_domain=fuse&tag=6FVGT
PDVND,https://cs.kobj.net/blue/event/tag/scan/tag_router/7646?tag_domain=fuse&tag=PDVND
E9VD3,https://cs.kobj.net/blue/event/tag/scan/tag_router/2788?tag_domain=fuse&tag=E9VD3
RMVDK,https://cs.kobj.net/blue/event/tag/scan/tag_router/1806?tag_domain=fuse&tag=RMVDK
E7VNK,https://cs.kobj.net/blue/event/tag/scan/tag_router/5439?tag_domain=fuse&tag=E7VNK
Y6VGP,https://cs.kobj.net/blue/event/tag/scan/tag_router/6592?tag_domain=fuse&tag=Y6VGP
WCVGN,https://cs.kobj.net/blue/event/tag/scan/tag_router/8268?tag_domain=fuse&tag=WCVGN
VGVNU,https://cs.kobj.net/blue/event/tag/scan/tag_router/3129?tag_domain=fuse&tag=VGVNU
RXVGE,https://cs.kobj.net/blue/event/tag/scan/tag_router/2429?tag_domain=fuse&tag=RXVGE
CJVN7,https://cs.kobj.net/blue/event/tag/scan/tag_router/1874?tag_domain=fuse&tag=CJVN7
LMVDW,https://cs.kobj.net/blue/event/tag/scan/tag_router/9902?tag_domain=fuse&tag=LMVDW
RGVN6,https://cs.kobj.net/blue/event/tag/scan/tag_router/7726?tag_domain=fuse&tag=RGVN6
6XVG3,https://cs.kobj.net/blue/event/tag/scan/tag_router/8665?tag_domain=fuse&tag=6XVG3
J6VDQ,https://cs.kobj.net/blue/event/tag/scan/tag_router/5480?tag_domain=fuse&tag=J6VDQ
MMVDF,https://cs.kobj.net/blue/event/tag/scan/tag_router/695?tag_domain=fuse&tag=MMVDF
EUVG4,https://cs.kobj.net/blue/event/tag/scan/tag_router/901?tag_domain=fuse&tag=EUVG4
PXVNQ,https://cs.kobj.net/blue/event/tag/scan/tag_router/674?tag_domain=fuse&tag=PXVNQ
4GVDZ,https://cs.kobj.net/blue/event/tag/scan/tag_router/8792?tag_domain=fuse&tag=4GVDZ
ZKVGM,https://cs.kobj.net/blue/event/tag/scan/tag_router/397?tag_domain=fuse&tag=ZKVGM
QXVDX,https://cs.kobj.net/blue/event/tag/scan/tag_router/3594?tag_domain=fuse&tag=QXVDX
GUVNJ,https://cs.kobj.net/blue/event/tag/scan/tag_router/7895?tag_domain=fuse&tag=GUVNJ
ZXVNN,https://cs.kobj.net/blue/event/tag/scan/tag_router/2076?tag_domain=fuse&tag=ZXVNN
T6VG9,https://cs.kobj.net/blue/event/tag/scan/tag_router/1292?tag_domain=fuse&tag=T6VG9
9LVDJ,https://cs.kobj.net/blue/event/tag/scan/tag_router/6352?tag_domain=fuse&tag=9LVDJ
V2VGD,https://cs.kobj.net/blue/event/tag/scan/tag_router/5973?tag_domain=fuse&tag=V2VGD
UVVNY,https://cs.kobj.net/blue/event/tag/scan/tag_router/3503?tag_domain=fuse&tag=UVVNY
9VVDT,https://cs.kobj.net/blue/event/tag/scan/tag_router/1225?tag_domain=fuse&tag=9VVDT
T6VGA,https://cs.kobj.net/blue/event/tag/scan/tag_router/8810?tag_domain=fuse&tag=T6VGA
MKVDR,https://cs.kobj.net/blue/event/tag/scan/tag_router/4806?tag_domain=fuse&tag=MKVDR
W9VG2,https://cs.kobj.net/blue/event/tag/scan/tag_router/1982?tag_domain=fuse&tag=W9VG2
C4VG7,https://cs.kobj.net/blue/event/tag/scan/tag_router/7467?tag_domain=fuse&tag=C4VG7
HTVNV,https://cs.kobj.net/blue/event/tag/scan/tag_router/4441?tag_domain=fuse&tag=HTVNV
R7VDM,https://cs.kobj.net/blue/event/tag/scan/tag_router/3500?tag_domain=fuse&tag=R7VDM
CX0VDG,https://cs.kobj.net/blue/event/tag/scan/tag_router/8711?tag_domain=fuse&tag=CX0VDG
TYVGY,https://cs.kobj.net/blue/event/tag/scan/tag_router/700?tag_domain=fuse&tag=TYVGY
Y3VNP,https://cs.kobj.net/blue/event/tag/scan/tag_router/7148?tag_domain=fuse&tag=Y3VNP
ZLVNW,https://cs.kobj.net/blue/event/tag/scan/tag_router/3854?tag_domain=fuse&tag=ZLVNW
RGVGQ,https://cs.kobj.net/blue/event/tag/scan/tag_router/1994?tag_domain=fuse&tag=RGVGQ
ZRVGW,https://cs.kobj.net/blue/event/tag/scan/tag_router/4199?tag_domain=fuse&tag=ZRVGW
EXVGL,https://cs.kobj.net/blue/event/tag/scan/tag_router/9564?tag_domain=fuse&tag=EXVGL
QYVNM,https://cs.kobj.net/blue/event/tag/scan/tag_router/8923?tag_domain=fuse&tag=QYVNM
7GVN9,https://cs.kobj.net/blue/event/tag/scan/tag_router/1120?tag_domain=fuse&tag=7GVN9
LXVN2,https://cs.kobj.net/blue/event/tag/scan/tag_router/5067?tag_domain=fuse&tag=LXVN2
HXVD6,https://cs.kobj.net/blue/event/tag/scan/tag_router/8348?tag_domain=fuse&tag=HXVD6
GAVNL,https://cs.kobj.net/blue/event/tag/scan/tag_router/8831?tag_domain=fuse&tag=GAVNL
Q2VGR,https://cs.kobj.net/blue/event/tag/scan/tag_router/1608?tag_domain=fuse&tag=Q2VGR
HEVDE,https://cs.kobj.net/blue/event/tag/scan/tag_router/2374?tag_domain=fuse&tag=HEVDE
LCVNC,https://cs.kobj.net/blue/event/tag/scan/tag_router/306?tag_domain=fuse&tag=LCVNC
6XVNG,https://cs.kobj.net/blue/event/tag/scan/tag_router/3675?tag_domain=fuse&tag=6XVNG
EXVGC,https://cs.kobj.net/blue/event/tag/scan/tag_router/652?tag_domain=fuse&tag=EXVGC
26VDH,https://cs.kobj.net/blue/event/tag/scan/tag_router/4445?tag_domain=fuse&tag=26VDH
GAVNH,https://cs.kobj.net/blue/event/tag/scan/tag_router/4969?tag_domain=fuse&tag=GAVNH
32VNT,https://cs.kobj.net/blue/event/tag/scan/tag_router/69?tag_domain=fuse&tag=32VNT
V6VN3,https://cs.kobj.net/blue/event/tag/scan/tag_router/5968?tag_domain=fuse&tag=V6VN3
E3VGH,https://cs.kobj.net/blue/event/tag/scan/tag_router/5503?tag_domain=fuse&tag=E3VGH
VAVDL,https://cs.kobj.net/blue/event/tag/scan/tag_router/5657?tag_domain=fuse&tag=VAVDL
JQVD2,https://cs.kobj.net/blue/event/tag/scan/tag_router/1440?tag_domain=fuse&tag=JQVD2
X7VNZ,https://cs.kobj.net/blue/event/tag/scan/tag_router/8969?tag_domain=fuse&tag=X7VNZ
KDVDV,https://cs.kobj.net/blue/event/tag/scan/tag_router/585?tag_domain=fuse&tag=KDVDV
PGVDU,https://cs.kobj.net/blue/event/tag/scan/tag_router/6080?tag_domain=fuse&tag=PGVDU
XUVGJ,https://cs.kobj.net/blue/event/tag/scan/tag_router/7129?tag_domain=fuse&tag=XUVGJ
CXVNX,https://cs.kobj.net/blue/event/tag/scan/tag_router/9606?tag_domain=fuse&tag=CXVNX
U9VNF,https://cs.kobj.net/blue/event/tag/scan/tag_router/6509?tag_domain=fuse&tag=U9VNF
E6VNR,https://cs.kobj.net/blue/event/tag/scan/tag_router/2974?tag_domain=fuse&tag=E6VNR
4MVGF,https://cs.kobj.net/blue/event/tag/scan/tag_router/2726?tag_domain=fuse&tag=4MVGF
WEVNE,https://cs.kobj.net/blue/event/tag/scan/tag_router/9713?tag_domain=fuse&tag=WEVNE
LYVDY,https://cs.kobj.net/blue/event/tag/scan/tag_router/9175?tag_domain=fuse&tag=LYVDY
7XVPX,https://cs.kobj.net/blue/event/tag/scan/tag_router/6145?tag_domain=fuse&tag=7XVPX
U3V9Q,https://cs.kobj.net/blue/event/tag/scan/tag_router/5730?tag_domain=fuse&tag=U3V9Q
4PV7J,https://cs.kobj.net/blue/event/tag/scan/tag_router/5140?tag_domain=fuse&tag=4PV7J
F3VP3,https://cs.kobj.net/blue/event/tag/scan/tag_router/2397?tag_domain=fuse&tag=F3VP3
W4VPF,https://cs.kobj.net/blue/event/tag/scan/tag_router/32?tag_domain=fuse&tag=W4VPF
NGV9L,https://cs.kobj.net/blue/event/tag/scan/tag_router/2418?tag_domain=fuse&tag=NGV9L
J6V96,https://cs.kobj.net/blue/event/tag/scan/tag_router/7954?tag_domain=fuse&tag=J6V96
GXV7F,https://cs.kobj.net/blue/event/tag/scan/tag_router/3034?tag_domain=fuse&tag=GXV7F
LTV9F,https://cs.kobj.net/blue/event/tag/scan/tag_router/7004?tag_domain=fuse&tag=LTV9F
KCV7P,https://cs.kobj.net/blue/event/tag/scan/tag_router/7131?tag_domain=fuse&tag=KCV7P
GXV7A,https://cs.kobj.net/blue/event/tag/scan/tag_router/205?tag_domain=fuse&tag=GXV7A
C3VDD,https://cs.kobj.net/blue/event/tag/scan/tag_router/1530?tag_domain=fuse&tag=C3VDD
V7V9W,https://cs.kobj.net/blue/event/tag/scan/tag_router/8469?tag_domain=fuse&tag=V7V9W
RXV7E,https://cs.kobj.net/blue/event/tag/scan/tag_router/8170?tag_domain=fuse&tag=RXV7E
4AV9G,https://cs.kobj.net/blue/event/tag/scan/tag_router/2395?tag_domain=fuse&tag=4AV9G
AXV7X,https://cs.kobj.net/blue/event/tag/scan/tag_router/6527?tag_domain=fuse&tag=AXV7X
UNV7N,https://cs.kobj.net/blue/event/tag/scan/tag_router/7097?tag_domain=fuse&tag=UNV7N
CMV9M,https://cs.kobj.net/blue/event/tag/scan/tag_router/316?tag_domain=fuse&tag=CMV9M
Z7V77,https://cs.kobj.net/blue/event/tag/scan/tag_router/4355?tag_domain=fuse&tag=Z7V77
GRV9V,https://cs.kobj.net/blue/event/tag/scan/tag_router/3745?tag_domain=fuse&tag=GRV9V
TAVD9,https://cs.kobj.net/blue/event/tag/scan/tag_router/7542?tag_domain=fuse&tag=TAVD9
KQVPV,https://cs.kobj.net/blue/event/tag/scan/tag_router/6964?tag_domain=fuse&tag=KQVPV
42V7H,https://cs.kobj.net/blue/event/tag/scan/tag_router/5440?tag_domain=fuse&tag=42V7H
G6V9U,https://cs.kobj.net/blue/event/tag/scan/tag_router/77?tag_domain=fuse&tag=G6V9U
9EVPC,https://cs.kobj.net/blue/event/tag/scan/tag_router/7217?tag_domain=fuse&tag=9EVPC
H2V9Y,https://cs.kobj.net/blue/event/tag/scan/tag_router/5578?tag_domain=fuse&tag=H2V9Y
L9VP6,https://cs.kobj.net/blue/event/tag/scan/tag_router/6838?tag_domain=fuse&tag=L9VP6
EXV9E,https://cs.kobj.net/blue/event/tag/scan/tag_router/9183?tag_domain=fuse&tag=EXV9E
TGV7G,https://cs.kobj.net/blue/event/tag/scan/tag_router/1930?tag_domain=fuse&tag=TGV7G
3PV7K,https://cs.kobj.net/blue/event/tag/scan/tag_router/5957?tag_domain=fuse&tag=3PV7K
XZV7W,https://cs.kobj.net/blue/event/tag/scan/tag_router/9810?tag_domain=fuse&tag=XZV7W
MFV97,https://cs.kobj.net/blue/event/tag/scan/tag_router/8399?tag_domain=fuse&tag=MFV97
X2V9P,https://cs.kobj.net/blue/event/tag/scan/tag_router/5398?tag_domain=fuse&tag=X2V9P
WTV7Y,https://cs.kobj.net/blue/event/tag/scan/tag_router/9867?tag_domain=fuse&tag=WTV7Y
NHVD4,https://cs.kobj.net/blue/event/tag/scan/tag_router/1612?tag_domain=fuse&tag=NHVD4
JUVDP,https://cs.kobj.net/blue/event/tag/scan/tag_router/3719?tag_domain=fuse&tag=JUVDP
2GV73,https://cs.kobj.net/blue/event/tag/scan/tag_router/6169?tag_domain=fuse&tag=2GV73
GTV7Z,https://cs.kobj.net/blue/event/tag/scan/tag_router/3976?tag_domain=fuse&tag=GTV7Z
Z6V76,https://cs.kobj.net/blue/event/tag/scan/tag_router/7306?tag_domain=fuse&tag=Z6V76
4UV92,https://cs.kobj.net/blue/event/tag/scan/tag_router/8491?tag_domain=fuse&tag=4UV92
Z4V9D,https://cs.kobj.net/blue/event/tag/scan/tag_router/4922?tag_domain=fuse&tag=Z4V9D
9FV9K,https://cs.kobj.net/blue/event/tag/scan/tag_router/3653?tag_domain=fuse&tag=9FV9K
XQV99,https://cs.kobj.net/blue/event/tag/scan/tag_router/4994?tag_domain=fuse&tag=XQV99
Y2V7D,https://cs.kobj.net/blue/event/tag/scan/tag_router/1342?tag_domain=fuse&tag=Y2V7D
W3V74,https://cs.kobj.net/blue/event/tag/scan/tag_router/4924?tag_domain=fuse&tag=W3V74
FQV72,https://cs.kobj.net/blue/event/tag/scan/tag_router/3140?tag_domain=fuse&tag=FQV72
ZEVDN,https://cs.kobj.net/blue/event/tag/scan/tag_router/5580?tag_domain=fuse&tag=ZEVDN
GXV79,https://cs.kobj.net/blue/event/tag/scan/tag_router/3459?tag_domain=fuse&tag=GXV79
UEV9H,https://cs.kobj.net/blue/event/tag/scan/tag_router/6923?tag_domain=fuse&tag=UEV9H
R3V7U,https://cs.kobj.net/blue/event/tag/scan/tag_router/9119?tag_domain=fuse&tag=R3V7U
7YV9J,https://cs.kobj.net/blue/event/tag/scan/tag_router/9888?tag_domain=fuse&tag=7YV9J
PDVP2,https://cs.kobj.net/blue/event/tag/scan/tag_router/7682?tag_domain=fuse&tag=PDVP2
Z4VPZ,https://cs.kobj.net/blue/event/tag/scan/tag_router/8923?tag_domain=fuse&tag=Z4VPZ
WYV9Z,https://cs.kobj.net/blue/event/tag/scan/tag_router/9013?tag_domain=fuse&tag=WYV9Z
CNV9C,https://cs.kobj.net/blue/event/tag/scan/tag_router/2958?tag_domain=fuse&tag=CNV9C
AXV9X,https://cs.kobj.net/blue/event/tag/scan/tag_router/2440?tag_domain=fuse&tag=AXV9X
QXV7Q,https://cs.kobj.net/blue/event/tag/scan/tag_router/309?tag_domain=fuse&tag=QXV7Q
FAV93,https://cs.kobj.net/blue/event/tag/scan/tag_router/3436?tag_domain=fuse&tag=FAV93
GPV7R,https://cs.kobj.net/blue/event/tag/scan/tag_router/6284?tag_domain=fuse&tag=GPV7R
V4V94,https://cs.kobj.net/blue/event/tag/scan/tag_router/2589?tag_domain=fuse&tag=V4V94
DVVD7,https://cs.kobj.net/blue/event/tag/scan/tag_router/3139?tag_domain=fuse&tag=DVVD7
NQVPU,https://cs.kobj.net/blue/event/tag/scan/tag_router/3755?tag_domain=fuse&tag=NQVPU
PFV9T,https://cs.kobj.net/blue/event/tag/scan/tag_router/2557?tag_domain=fuse&tag=PFV9T
G9V7L,https://cs.kobj.net/blue/event/tag/scan/tag_router/4805?tag_domain=fuse&tag=G9V7L
22V7V,https://cs.kobj.net/blue/event/tag/scan/tag_router/7780?tag_domain=fuse&tag=22V7V
KCV7M,https://cs.kobj.net/blue/event/tag/scan/tag_router/2089?tag_domain=fuse&tag=KCV7M
UNV7C,https://cs.kobj.net/blue/event/tag/scan/tag_router/3384?tag_domain=fuse&tag=UNV7C
QFV9R,https://cs.kobj.net/blue/event/tag/scan/tag_router/3572?tag_domain=fuse&tag=QFV9R
K3V9A,https://cs.kobj.net/blue/event/tag/scan/tag_router/7977?tag_domain=fuse&tag=K3V9A
7RV7T,https://cs.kobj.net/blue/event/tag/scan/tag_router/7971?tag_domain=fuse&tag=7RV7T
3EV9N,https://cs.kobj.net/blue/event/tag/scan/tag_router/3746?tag_domain=fuse&tag=3EV9N
YCVPR,https://cs.kobj.net/blue/event/tag/scan/tag_router/2052?tag_domain=fuse&tag=YCVPR
N9V47,https://cs.kobj.net/blue/event/tag/scan/tag_router/5896?tag_domain=fuse&tag=N9V47
XFVPK,https://cs.kobj.net/blue/event/tag/scan/tag_router/4547?tag_domain=fuse&tag=XFVPK
NXVPQ,https://cs.kobj.net/blue/event/tag/scan/tag_router/7513?tag_domain=fuse&tag=NXVPQ
6QVPH,https://cs.kobj.net/blue/event/tag/scan/tag_router/636?tag_domain=fuse&tag=6QVPH
R3V4A,https://cs.kobj.net/blue/event/tag/scan/tag_router/3082?tag_domain=fuse&tag=R3V4A
HFV4J,https://cs.kobj.net/blue/event/tag/scan/tag_router/974?tag_domain=fuse&tag=HFV4J
93VYG,https://cs.kobj.net/blue/event/tag/scan/tag_router/9234?tag_domain=fuse&tag=93VYG
CTVYF,https://cs.kobj.net/blue/event/tag/scan/tag_router/5753?tag_domain=fuse&tag=CTVYF
HAV4K,https://cs.kobj.net/blue/event/tag/scan/tag_router/9080?tag_domain=fuse&tag=HAV4K
YUV4U,https://cs.kobj.net/blue/event/tag/scan/tag_router/6698?tag_domain=fuse&tag=YUV4U
CWV4V,https://cs.kobj.net/blue/event/tag/scan/tag_router/6894?tag_domain=fuse&tag=CWV4V
GXV4Q,https://cs.kobj.net/blue/event/tag/scan/tag_router/1750?tag_domain=fuse&tag=GXV4Q
9HVYM,https://cs.kobj.net/blue/event/tag/scan/tag_router/199?tag_domain=fuse&tag=9HVYM
AEV44,https://cs.kobj.net/blue/event/tag/scan/tag_router/3622?tag_domain=fuse&tag=AEV44
WNVYC,https://cs.kobj.net/blue/event/tag/scan/tag_router/2316?tag_domain=fuse&tag=WNVYC
AAV4H,https://cs.kobj.net/blue/event/tag/scan/tag_router/3937?tag_domain=fuse&tag=AAV4H
27VYV,https://cs.kobj.net/blue/event/tag/scan/tag_router/4539?tag_domain=fuse&tag=27VYV
TYVYW,https://cs.kobj.net/blue/event/tag/scan/tag_router/2236?tag_domain=fuse&tag=TYVYW
2VV4W,https://cs.kobj.net/blue/event/tag/scan/tag_router/6027?tag_domain=fuse&tag=2VV4W
MEVPP,https://cs.kobj.net/blue/event/tag/scan/tag_router/9692?tag_domain=fuse&tag=MEVPP
XXV4X,https://cs.kobj.net/blue/event/tag/scan/tag_router/2112?tag_domain=fuse&tag=XXV4X
UPVPJ,https://cs.kobj.net/blue/event/tag/scan/tag_router/7648?tag_domain=fuse&tag=UPVPJ
LLVYU,https://cs.kobj.net/blue/event/tag/scan/tag_router/6769?tag_domain=fuse&tag=LLVYU
QXVY6,https://cs.kobj.net/blue/event/tag/scan/tag_router/7835?tag_domain=fuse&tag=QXVY6
DAV4R,https://cs.kobj.net/blue/event/tag/scan/tag_router/6522?tag_domain=fuse&tag=DAV4R
U3VPM,https://cs.kobj.net/blue/event/tag/scan/tag_router/5679?tag_domain=fuse&tag=U3VPM
N6V43,https://cs.kobj.net/blue/event/tag/scan/tag_router/8844?tag_domain=fuse&tag=N6V43
JXV4E,https://cs.kobj.net/blue/event/tag/scan/tag_router/8159?tag_domain=fuse&tag=JXV4E
6XVYN,https://cs.kobj.net/blue/event/tag/scan/tag_router/2160?tag_domain=fuse&tag=6XVYN
43VYA,https://cs.kobj.net/blue/event/tag/scan/tag_router/853?tag_domain=fuse&tag=43VYA
QLVP7,https://cs.kobj.net/blue/event/tag/scan/tag_router/1377?tag_domain=fuse&tag=QLVP7
PDVYT,https://cs.kobj.net/blue/event/tag/scan/tag_router/3178?tag_domain=fuse&tag=PDVYT
TQVP9,https://cs.kobj.net/blue/event/tag/scan/tag_router/297?tag_domain=fuse&tag=TQVP9
4AVY2,https://cs.kobj.net/blue/event/tag/scan/tag_router/6797?tag_domain=fuse&tag=4AVY2
PEVPE,https://cs.kobj.net/blue/event/tag/scan/tag_router/9442?tag_domain=fuse&tag=PEVPE
A2V4D,https://cs.kobj.net/blue/event/tag/scan/tag_router/9174?tag_domain=fuse&tag=A2V4D
VEVYE,https://cs.kobj.net/blue/event/tag/scan/tag_router/7788?tag_domain=fuse&tag=VEVYE
3CV4N,https://cs.kobj.net/blue/event/tag/scan/tag_router/3819?tag_domain=fuse&tag=3CV4N
MGVY3,https://cs.kobj.net/blue/event/tag/scan/tag_router/3203?tag_domain=fuse&tag=MGVY3
ACV4C,https://cs.kobj.net/blue/event/tag/scan/tag_router/2080?tag_domain=fuse&tag=ACV4C
LKVYR,https://cs.kobj.net/blue/event/tag/scan/tag_router/2339?tag_domain=fuse&tag=LKVYR
A6V46,https://cs.kobj.net/blue/event/tag/scan/tag_router/5038?tag_domain=fuse&tag=A6V46
33VY9,https://cs.kobj.net/blue/event/tag/scan/tag_router/2298?tag_domain=fuse&tag=33VY9
W9VYJ,https://cs.kobj.net/blue/event/tag/scan/tag_router/215?tag_domain=fuse&tag=W9VYJ
4XVYX,https://cs.kobj.net/blue/event/tag/scan/tag_router/3570?tag_domain=fuse&tag=4XVYX
LYV4M,https://cs.kobj.net/blue/event/tag/scan/tag_router/7760?tag_domain=fuse&tag=LYV4M
RXV4G,https://cs.kobj.net/blue/event/tag/scan/tag_router/3452?tag_domain=fuse&tag=RXV4G
JQV4L,https://cs.kobj.net/blue/event/tag/scan/tag_router/113?tag_domain=fuse&tag=JQV4L
VUVPW,https://cs.kobj.net/blue/event/tag/scan/tag_router/7953?tag_domain=fuse&tag=VUVPW
3LVP4,https://cs.kobj.net/blue/event/tag/scan/tag_router/453?tag_domain=fuse&tag=3LVP4
G3VYZ,https://cs.kobj.net/blue/event/tag/scan/tag_router/1721?tag_domain=fuse&tag=G3VYZ
L4V4T,https://cs.kobj.net/blue/event/tag/scan/tag_router/6410?tag_domain=fuse&tag=L4V4T
DDV4P,https://cs.kobj.net/blue/event/tag/scan/tag_router/3352?tag_domain=fuse&tag=DDV4P
9NVYK,https://cs.kobj.net/blue/event/tag/scan/tag_router/805?tag_domain=fuse&tag=9NVYK
D6VYQ,https://cs.kobj.net/blue/event/tag/scan/tag_router/8107?tag_domain=fuse&tag=D6VYQ
CDV42,https://cs.kobj.net/blue/event/tag/scan/tag_router/713?tag_domain=fuse&tag=CDV42
CHV4Z,https://cs.kobj.net/blue/event/tag/scan/tag_router/2972?tag_domain=fuse&tag=CHV4Z
9AVPD,https://cs.kobj.net/blue/event/tag/scan/tag_router/3329?tag_domain=fuse&tag=9AVPD
CWV4Y,https://cs.kobj.net/blue/event/tag/scan/tag_router/9720?tag_domain=fuse&tag=CWV4Y
WEVPN,https://cs.kobj.net/blue/event/tag/scan/tag_router/2388?tag_domain=fuse&tag=WEVPN
KAVPA,https://cs.kobj.net/blue/event/tag/scan/tag_router/6964?tag_domain=fuse&tag=KAVPA
J4V4F,https://cs.kobj.net/blue/event/tag/scan/tag_router/7614?tag_domain=fuse&tag=J4V4F
KLVYL,https://cs.kobj.net/blue/event/tag/scan/tag_router/2303?tag_domain=fuse&tag=KLVYL
J6VPG,https://cs.kobj.net/blue/event/tag/scan/tag_router/2180?tag_domain=fuse&tag=J6VPG
V2VYD,https://cs.kobj.net/blue/event/tag/scan/tag_router/9544?tag_domain=fuse&tag=V2VYD
P6VYH,https://cs.kobj.net/blue/event/tag/scan/tag_router/3132?tag_domain=fuse&tag=P6VYH
JPVPY,https://cs.kobj.net/blue/event/tag/scan/tag_router/9828?tag_domain=fuse&tag=JPVPY
Q4VY7,https://cs.kobj.net/blue/event/tag/scan/tag_router/7496?tag_domain=fuse&tag=Q4VY7
D3V49,https://cs.kobj.net/blue/event/tag/scan/tag_router/93?tag_domain=fuse&tag=D3V49
JYVPT,https://cs.kobj.net/blue/event/tag/scan/tag_router/9646?tag_domain=fuse&tag=JYVPT
NQVPL,https://cs.kobj.net/blue/event/tag/scan/tag_router/5633?tag_domain=fuse&tag=NQVPL
7CUVZ,https://cs.kobj.net/blue/event/tag/scan/tag_router/1514?tag_domain=fuse&tag=7CUVZ
W9UVJ,https://cs.kobj.net/blue/event/tag/scan/tag_router/9241?tag_domain=fuse&tag=W9UVJ
34UXP,https://cs.kobj.net/blue/event/tag/scan/tag_router/2321?tag_domain=fuse&tag=34UXP
2JUVR,https://cs.kobj.net/blue/event/tag/scan/tag_router/5305?tag_domain=fuse&tag=2JUVR
NXUUM,https://cs.kobj.net/blue/event/tag/scan/tag_router/6931?tag_domain=fuse&tag=NXUUM
WEUUC,https://cs.kobj.net/blue/event/tag/scan/tag_router/6908?tag_domain=fuse&tag=WEUUC
LQUUU,https://cs.kobj.net/blue/event/tag/scan/tag_router/7919?tag_domain=fuse&tag=LQUUU
DGUU6,https://cs.kobj.net/blue/event/tag/scan/tag_router/1670?tag_domain=fuse&tag=DGUU6
LXUUX,https://cs.kobj.net/blue/event/tag/scan/tag_router/9394?tag_domain=fuse&tag=LXUUX
X3UVD,https://cs.kobj.net/blue/event/tag/scan/tag_router/3481?tag_domain=fuse&tag=X3UVD
GNUVM,https://cs.kobj.net/blue/event/tag/scan/tag_router/7634?tag_domain=fuse&tag=GNUVM
7XUXE,https://cs.kobj.net/blue/event/tag/scan/tag_router/1396?tag_domain=fuse&tag=7XUXE
EQ0UUW,https://cs.kobj.net/blue/event/tag/scan/tag_router/4402?tag_domain=fuse&tag=EQ0UUW
CWUXY,https://cs.kobj.net/blue/event/tag/scan/tag_router/9663?tag_domain=fuse&tag=CWUXY
U3UVG,https://cs.kobj.net/blue/event/tag/scan/tag_router/1363?tag_domain=fuse&tag=U3UVG
NLUUH,https://cs.kobj.net/blue/event/tag/scan/tag_router/9099?tag_domain=fuse&tag=NLUUH
D9UVU,https://cs.kobj.net/blue/event/tag/scan/tag_router/222?tag_domain=fuse&tag=D9UVU
7GUXL,https://cs.kobj.net/blue/event/tag/scan/tag_router/7786?tag_domain=fuse&tag=7GUXL
4WUUV,https://cs.kobj.net/blue/event/tag/scan/tag_router/7653?tag_domain=fuse&tag=4WUUV
X3UXV,https://cs.kobj.net/blue/event/tag/scan/tag_router/8717?tag_domain=fuse&tag=X3UXV
63UX6,https://cs.kobj.net/blue/event/tag/scan/tag_router/2735?tag_domain=fuse&tag=63UX6
XUUXU,https://cs.kobj.net/blue/event/tag/scan/tag_router/5311?tag_domain=fuse&tag=XUUXU
M6UX4,https://cs.kobj.net/blue/event/tag/scan/tag_router/593?tag_domain=fuse&tag=M6UX4
XXUXX,https://cs.kobj.net/blue/event/tag/scan/tag_router/2787?tag_domain=fuse&tag=XXUXX
TYVYP,https://cs.kobj.net/blue/event/tag/scan/tag_router/6634?tag_domain=fuse&tag=TYVYP
GXUU3,https://cs.kobj.net/blue/event/tag/scan/tag_router/5172?tag_domain=fuse&tag=GXUU3
VUUXD,https://cs.kobj.net/blue/event/tag/scan/tag_router/6167?tag_domain=fuse&tag=VUUXD
W3UXJ,https://cs.kobj.net/blue/event/tag/scan/tag_router/8625?tag_domain=fuse&tag=W3UXJ
94UUF,https://cs.kobj.net/blue/event/tag/scan/tag_router/9086?tag_domain=fuse&tag=94UUF
E7UXM,https://cs.kobj.net/blue/event/tag/scan/tag_router/398?tag_domain=fuse&tag=E7UXM
9AUXR,https://cs.kobj.net/blue/event/tag/scan/tag_router/7885?tag_domain=fuse&tag=9AUXR
2EUVL,https://cs.kobj.net/blue/event/tag/scan/tag_router/1749?tag_domain=fuse&tag=2EUVL
WGUV3,https://cs.kobj.net/blue/event/tag/scan/tag_router/4891?tag_domain=fuse&tag=WGUV3
RAUV4,https://cs.kobj.net/blue/event/tag/scan/tag_router/3077?tag_domain=fuse&tag=RAUV4
WXUVE,https://cs.kobj.net/blue/event/tag/scan/tag_router/6?tag_domain=fuse&tag=WXUVE
9JUVP,https://cs.kobj.net/blue/event/tag/scan/tag_router/2260?tag_domain=fuse&tag=9JUVP
FUUVK,https://cs.kobj.net/blue/event/tag/scan/tag_router/5813?tag_domain=fuse&tag=FUUVK
49UVT,https://cs.kobj.net/blue/event/tag/scan/tag_router/2418?tag_domain=fuse&tag=49UVT
KVUV7,https://cs.kobj.net/blue/event/tag/scan/tag_router/9659?tag_domain=fuse&tag=KVUV7
39UXA,https://cs.kobj.net/blue/event/tag/scan/tag_router/7766?tag_domain=fuse&tag=39UXA
2ZUXF,https://cs.kobj.net/blue/event/tag/scan/tag_router/1548?tag_domain=fuse&tag=2ZUXF
GLVY4,https://cs.kobj.net/blue/event/tag/scan/tag_router/3076?tag_domain=fuse&tag=GLVY4
L9UXK,https://cs.kobj.net/blue/event/tag/scan/tag_router/7732?tag_domain=fuse&tag=L9UXK
7TUXW,https://cs.kobj.net/blue/event/tag/scan/tag_router/7768?tag_domain=fuse&tag=7TUXW
7UUVY,https://cs.kobj.net/blue/event/tag/scan/tag_router/3267?tag_domain=fuse&tag=7UUVY
6NUXN,https://cs.kobj.net/blue/event/tag/scan/tag_router/6267?tag_domain=fuse&tag=6NUXN
JXUV2,https://cs.kobj.net/blue/event/tag/scan/tag_router/8967?tag_domain=fuse&tag=JXUV2
XXUVN,https://cs.kobj.net/blue/event/tag/scan/tag_router/6866?tag_domain=fuse&tag=XXUVN
M9UUA,https://cs.kobj.net/blue/event/tag/scan/tag_router/2228?tag_domain=fuse&tag=M9UUA
LCUXC,https://cs.kobj.net/blue/event/tag/scan/tag_router/4005?tag_domain=fuse&tag=LCUXC
E3UX3,https://cs.kobj.net/blue/event/tag/scan/tag_router/6356?tag_domain=fuse&tag=E3UX3
KJUUZ,https://cs.kobj.net/blue/event/tag/scan/tag_router/5932?tag_domain=fuse&tag=KJUUZ
DLUX7,https://cs.kobj.net/blue/event/tag/scan/tag_router/4057?tag_domain=fuse&tag=DLUX7
GTUXT,https://cs.kobj.net/blue/event/tag/scan/tag_router/7778?tag_domain=fuse&tag=GTUXT
K9UVQ,https://cs.kobj.net/blue/event/tag/scan/tag_router/6687?tag_domain=fuse&tag=K9UVQ
V9UVV,https://cs.kobj.net/blue/event/tag/scan/tag_router/8414?tag_domain=fuse&tag=V9UVV
CEUXH,https://cs.kobj.net/blue/event/tag/scan/tag_router/1031?tag_domain=fuse&tag=CEUXH
U3UVA,https://cs.kobj.net/blue/event/tag/scan/tag_router/3549?tag_domain=fuse&tag=U3UVA
U3UV6,https://cs.kobj.net/blue/event/tag/scan/tag_router/4936?tag_domain=fuse&tag=U3UV6
9NVYY,https://cs.kobj.net/blue/event/tag/scan/tag_router/8326?tag_domain=fuse&tag=9NVYY
TXUVX,https://cs.kobj.net/blue/event/tag/scan/tag_router/4929?tag_domain=fuse&tag=TXUVX
9QUV9,https://cs.kobj.net/blue/event/tag/scan/tag_router/2528?tag_domain=fuse&tag=9QUV9
PQUVH,https://cs.kobj.net/blue/event/tag/scan/tag_router/4463?tag_domain=fuse&tag=PQUVH
NLUUR,https://cs.kobj.net/blue/event/tag/scan/tag_router/2586?tag_domain=fuse&tag=NLUUR
TQUU2,https://cs.kobj.net/blue/event/tag/scan/tag_router/1412?tag_domain=fuse&tag=TQUU2
43UXQ,https://cs.kobj.net/blue/event/tag/scan/tag_router/8642?tag_domain=fuse&tag=43UXQ
VAUX9,https://cs.kobj.net/blue/event/tag/scan/tag_router/114?tag_domain=fuse&tag=VAUX9
ECUVC,https://cs.kobj.net/blue/event/tag/scan/tag_router/7309?tag_domain=fuse&tag=ECUVC
DJUXZ,https://cs.kobj.net/blue/event/tag/scan/tag_router/2963?tag_domain=fuse&tag=DJUXZ
A4UX2,https://cs.kobj.net/blue/event/tag/scan/tag_router/3201?tag_domain=fuse&tag=A4UX2
F6UXG,https://cs.kobj.net/blue/event/tag/scan/tag_router/6442?tag_domain=fuse&tag=F6UXG
V3UVW,https://cs.kobj.net/blue/event/tag/scan/tag_router/2741?tag_domain=fuse&tag=V3UVW
TMUVF,https://cs.kobj.net/blue/event/tag/scan/tag_router/1217?tag_domain=fuse&tag=TMUVF
FNUUN,https://cs.kobj.net/blue/event/tag/scan/tag_router/3976?tag_domain=fuse&tag=FNUUN
9QU6Y,https://cs.kobj.net/blue/event/tag/scan/tag_router/5184?tag_domain=fuse&tag=9QU6Y
CAU63,https://cs.kobj.net/blue/event/tag/scan/tag_router/2418?tag_domain=fuse&tag=CAU63
9HU6J,https://cs.kobj.net/blue/event/tag/scan/tag_router/5578?tag_domain=fuse&tag=9HU6J
QYUZF,https://cs.kobj.net/blue/event/tag/scan/tag_router/5957?tag_domain=fuse&tag=QYUZF
VGUZ3,https://cs.kobj.net/blue/event/tag/scan/tag_router/4805?tag_domain=fuse&tag=VGUZ3
H6U6A,https://cs.kobj.net/blue/event/tag/scan/tag_router/4922?tag_domain=fuse&tag=H6U6A
4KUUP,https://cs.kobj.net/blue/event/tag/scan/tag_router/3384?tag_domain=fuse&tag=4KUUP
WLUZ4,https://cs.kobj.net/blue/event/tag/scan/tag_router/3436?tag_domain=fuse&tag=WLUZ4
G9UUG,https://cs.kobj.net/blue/event/tag/scan/tag_router/9119?tag_domain=fuse&tag=G9UUG
DHUZH,https://cs.kobj.net/blue/event/tag/scan/tag_router/1930?tag_domain=fuse&tag=DHUZH
G4U6K,https://cs.kobj.net/blue/event/tag/scan/tag_router/5398?tag_domain=fuse&tag=G4U6K
DWUZJ,https://cs.kobj.net/blue/event/tag/scan/tag_router/9867?tag_domain=fuse&tag=DWUZJ
J7U6R,https://cs.kobj.net/blue/event/tag/scan/tag_router/2557?tag_domain=fuse&tag=J7U6R
YWUZW,https://cs.kobj.net/blue/event/tag/scan/tag_router/4355?tag_domain=fuse&tag=YWUZW
XNUZK,https://cs.kobj.net/blue/event/tag/scan/tag_router/7131?tag_domain=fuse&tag=XNUZK
J3UZ9,https://cs.kobj.net/blue/event/tag/scan/tag_router/8491?tag_domain=fuse&tag=J3UZ9
PEUZU,https://cs.kobj.net/blue/event/tag/scan/tag_router/205?tag_domain=fuse&tag=PEUZU
2XUFX,https://cs.kobj.net/blue/event/tag/scan/tag_router/211?tag_domain=fuse&tag=2XUFX
7UU6L,https://cs.kobj.net/blue/event/tag/scan/tag_router/6145?tag_domain=fuse&tag=7UU6L
3XUU7,https://cs.kobj.net/blue/event/tag/scan/tag_router/3034?tag_domain=fuse&tag=3XUU7
23UU9,https://cs.kobj.net/blue/event/tag/scan/tag_router/3140?tag_domain=fuse&tag=23UU9
YXUZX,https://cs.kobj.net/blue/event/tag/scan/tag_router/5440?tag_domain=fuse&tag=YXUZX
FZUZT,https://cs.kobj.net/blue/event/tag/scan/tag_router/3745?tag_domain=fuse&tag=FZUZT
XXU6X,https://cs.kobj.net/blue/event/tag/scan/tag_router/6923?tag_domain=fuse&tag=XXU6X
6LUUK,https://cs.kobj.net/blue/event/tag/scan/tag_router/3719?tag_domain=fuse&tag=6LUUK
N2U6U,https://cs.kobj.net/blue/event/tag/scan/tag_router/7977?tag_domain=fuse&tag=N2U6U
UHU6M,https://cs.kobj.net/blue/event/tag/scan/tag_router/3746?tag_domain=fuse&tag=UHU6M
GQU6Q,https://cs.kobj.net/blue/event/tag/scan/tag_router/2589?tag_domain=fuse&tag=GQU6Q
A9UUL,https://cs.kobj.net/blue/event/tag/scan/tag_router/6527?tag_domain=fuse&tag=A9UUL
YEUUE,https://cs.kobj.net/blue/event/tag/scan/tag_router/7542?tag_domain=fuse&tag=YEUUE
JXU6E,https://cs.kobj.net/blue/event/tag/scan/tag_router/4994?tag_domain=fuse&tag=JXU6E
PEU6P,https://cs.kobj.net/blue/event/tag/scan/tag_router/7217?tag_domain=fuse&tag=PEU6P
VEU6N,https://cs.kobj.net/blue/event/tag/scan/tag_router/8923?tag_domain=fuse&tag=VEU6N
TTUUY,https://cs.kobj.net/blue/event/tag/scan/tag_router/6284?tag_domain=fuse&tag=TTUUY
CAUZG,https://cs.kobj.net/blue/event/tag/scan/tag_router/77?tag_domain=fuse&tag=CAUZG
TKUZY,https://cs.kobj.net/blue/event/tag/scan/tag_router/3572?tag_domain=fuse&tag=TKUZY
LDUUD,https://cs.kobj.net/blue/event/tag/scan/tag_router/7306?tag_domain=fuse&tag=LDUUD
QGU6D,https://cs.kobj.net/blue/event/tag/scan/tag_router/6838?tag_domain=fuse&tag=QGU6D
PMU6F,https://cs.kobj.net/blue/event/tag/scan/tag_router/3653?tag_domain=fuse&tag=PMU6F
CNUZV,https://cs.kobj.net/blue/event/tag/scan/tag_router/2089?tag_domain=fuse&tag=CNUZV
ZUUZL,https://cs.kobj.net/blue/event/tag/scan/tag_router/2440?tag_domain=fuse&tag=ZUUZL
ANUZN,https://cs.kobj.net/blue/event/tag/scan/tag_router/9013?tag_domain=fuse&tag=ANUZN
7GUZQ,https://cs.kobj.net/blue/event/tag/scan/tag_router/4924?tag_domain=fuse&tag=7GUZQ
RRUZ7,https://cs.kobj.net/blue/event/tag/scan/tag_router/7004?tag_domain=fuse&tag=RRUZ7
F7UZP,https://cs.kobj.net/blue/event/tag/scan/tag_router/2958?tag_domain=fuse&tag=F7UZP
PVU6Z,https://cs.kobj.net/blue/event/tag/scan/tag_router/8469?tag_domain=fuse&tag=PVU6Z
J4UFU,https://cs.kobj.net/blue/event/tag/scan/tag_router/4726?tag_domain=fuse&tag=J4UFU
M9U6T,https://cs.kobj.net/blue/event/tag/scan/tag_router/6964?tag_domain=fuse&tag=M9U6T
TKU6W,https://cs.kobj.net/blue/event/tag/scan/tag_router/8399?tag_domain=fuse&tag=TKU6W
PGUZ6,https://cs.kobj.net/blue/event/tag/scan/tag_router/8170?tag_domain=fuse&tag=PGUZ6
P6U66,https://cs.kobj.net/blue/event/tag/scan/tag_router/9183?tag_domain=fuse&tag=P6U66
D9U62,https://cs.kobj.net/blue/event/tag/scan/tag_router/5730?tag_domain=fuse&tag=D9U62
Z6U69,https://cs.kobj.net/blue/event/tag/scan/tag_router/7682?tag_domain=fuse&tag=Z6U69
XXUZE,https://cs.kobj.net/blue/event/tag/scan/tag_router/3459?tag_domain=fuse&tag=XXUZE
ECUZC,https://cs.kobj.net/blue/event/tag/scan/tag_router/5140?tag_domain=fuse&tag=ECUZC
GQUZA,https://cs.kobj.net/blue/event/tag/scan/tag_router/1342?tag_domain=fuse&tag=GQUZA
X3UZD,https://cs.kobj.net/blue/event/tag/scan/tag_router/7954?tag_domain=fuse&tag=X3UZD
FTUZR,https://cs.kobj.net/blue/event/tag/scan/tag_router/7971?tag_domain=fuse&tag=FTUZR
EJUUJ,https://cs.kobj.net/blue/event/tag/scan/tag_router/9175?tag_domain=fuse&tag=EJUUJ
YNU6C,https://cs.kobj.net/blue/event/tag/scan/tag_router/9888?tag_domain=fuse&tag=YNU6C
U4U64,https://cs.kobj.net/blue/event/tag/scan/tag_router/2397?tag_domain=fuse&tag=U4U64
9MUZM,https://cs.kobj.net/blue/event/tag/scan/tag_router/7097?tag_domain=fuse&tag=9MUZM
9FUZZ,https://cs.kobj.net/blue/event/tag/scan/tag_router/9810?tag_domain=fuse&tag=9FUZZ
UUU67,https://cs.kobj.net/blue/event/tag/scan/tag_router/32?tag_domain=fuse&tag=UUU67
FVU6V,https://cs.kobj.net/blue/event/tag/scan/tag_router/316?tag_domain=fuse&tag=FVU6V
XUUUT,https://cs.kobj.net/blue/event/tag/scan/tag_router/7780?tag_domain=fuse&tag=XUUUT
UDUFV,https://cs.kobj.net/blue/event/tag/scan/tag_router/8315?tag_domain=fuse&tag=UDUFV
T6UUQ,https://cs.kobj.net/blue/event/tag/scan/tag_router/1612?tag_domain=fuse&tag=T6UUQ
MGU6G,https://cs.kobj.net/blue/event/tag/scan/tag_router/3755?tag_domain=fuse&tag=MGU6G
GXUZ2,https://cs.kobj.net/blue/event/tag/scan/tag_router/309?tag_domain=fuse&tag=GXUZ2
XUUU4,https://cs.kobj.net/blue/event/tag/scan/tag_router/6169?tag_domain=fuse&tag=XUUU4
M2U6H,https://cs.kobj.net/blue/event/tag/scan/tag_router/2395?tag_domain=fuse&tag=M2U6H
